Price,CPU Name,CPU Achitecture,CPU Core,CPU Thread,CPU Base Clock,CPU Max Clock,RAM,Memory Type,Max DDR Support,Storage,Storage Type,GPU VRAM,Display Type,Display Size,Display Frequency,OS,Warrant,Display Width,Display Height
16799000,i5-1334U,7,10.0,12.0,4.6,4.6,16,4,4.0,512,1,0.0,1,15.6,60,11,12.0,1920,1080
21989000,i5-1135G7,10,4.0,8.0,0.9,4.2,32,4,4.0,512,1,0.0,3,14.0,60,10,12.0,1920,1080
23999000,i5-1335U,7,10.0,12.0,4.6,4.6,16,4,4.0,512,1,0.0,3,15.6,60,11,12.0,1920,1080
20499000,i5-13500,7,14.0,20.0,1.8,4.8,48,4,4.0,512,1,0.0,3,16.0,60,10,24.0,1920,1200
25999000,155H,7,16.0,22.0,0.9,4.8,32,5,4.0,512,1,0.0,1,16.0,120,11,24.0,2048,1280
29499000,i5-1240P,7,12.0,16.0,4.4,4.4,32,4,4.0,512,1,0.0,3,16.0,60,10,36.0,1920,1200
21999000,i9-13900,7,24.0,32.0,1.5,5.2,16,5,4.0,512,1,0.0,3,15.6,60,11,12.0,1920,1080
11999000,i5-1135G7,10,4.0,8.0,0.9,4.2,16,4,4.0,512,1,0.0,3,15.6,120,10,12.0,1920,1080
96999000,i9-13900,7,24.0,32.0,1.5,5.2,64,5,4.0,1024,1,0.0,3,16.0,60,11,36.0,1920,1200
12999000,i7-1255U,7,10.0,12.0,4.7,4.7,8,4,4.0,512,1,0.0,3,14.0,60,10,12.0,1920,1080
28499000,155H,7,16.0,22.0,0.9,4.8,32,5,4.0,1024,1,0.0,3,14.0,60,10,24.0,1920,1200
20599000,i5-1335U,7,10.0,12.0,4.6,4.6,16,4,4.0,512,1,0.0,3,15.6,60,11,12.0,1920,1080
18999000,i5-1335U,7,10.0,12.0,4.6,4.6,16,4,4.0,512,1,0.0,3,16.0,60,10,24.0,1920,1200
26999000,i5-1335U,7,10.0,12.0,4.6,4.6,48,5,4.0,512,1,0.0,3,14.0,60,10,36.0,1920,1200
21999000,125H,7,14.0,18.0,0.7,4.5,16,5,4.0,512,1,0.0,1,16.0,120,11,24.0,2048,1280
58999000,185H,7,16.0,22.0,1.8,5.1,32,5,4.0,1024,1,0.0,3,14.0,120,11,24.0,2880,1800
44999000,155H,7,16.0,22.0,0.9,4.8,16,5,4.0,1024,1,0.0,3,14.0,120,10,24.0,2880,1800
18999000,i5-1335U,7,10.0,12.0,4.6,4.6,8,4,4.0,512,1,0.0,3,16.0,60,10,24.0,1920,1200
21999000,i7-1355U,7,10.0,12.0,5.0,5.0,16,4,4.0,1024,1,0.0,3,15.0,120,11,12.0,1920,1080
17999000,i5-1335U,7,10.0,12.0,4.6,4.6,16,4,4.0,512,1,0.0,1,15.6,120,11,12.0,1920,1080
29499000,i5-1240P,7,12.0,16.0,4.4,4.4,32,4,4.0,512,1,0.0,3,14.0,60,10,36.0,2240,1400
14999000,i5-12450H,7,8.0,12.0,4.4,4.4,16,5,4.0,1024,1,0.0,3,15.6,60,11,24.0,1920,1080
27999000,155H,7,16.0,22.0,0.9,4.8,32,5,4.0,512,1,0.0,3,14.0,60,10,24.0,1920,1200
18799000,i5-1335U,7,10.0,12.0,4.6,4.6,8,4,4.0,512,1,0.0,3,15.6,60,11,12.0,1920,1080
23499000,125H,7,14.0,18.0,0.7,4.5,32,5,4.0,512,1,0.0,3,14.0,120,11,12.0,2560,1440
22799000,i9-13900,7,24.0,32.0,1.5,5.2,16,4,4.0,512,1,0.0,3,14.0,90,11,24.0,2880,1800
21499000,i7-1355U,7,10.0,12.0,5.0,5.0,16,5,4.0,1024,1,0.0,3,14.0,60,11,12.0,1920,1200
11499000,i5-1235U,7,10.0,12.0,4.4,4.4,16,4,4.0,256,1,0.0,3,15.6,120,10,12.0,1920,1080
25489000,i5-1135G7,10,4.0,8.0,0.9,4.2,32,5,4.0,512,1,0.0,3,14.0,60,10,12.0,1920,1080
19499000,i7-12650H,7,10.0,16.0,4.7,4.7,32,4,4.0,512,1,0.0,3,15.6,60,11,12.0,1920,1080
26499000,155H,7,16.0,22.0,0.9,4.8,32,5,4.0,512,1,0.0,3,14.0,120,11,12.0,2560,1440
23499000,i7-1355U,7,10.0,12.0,5.0,5.0,32,4,4.0,512,1,0.0,3,14.0,60,11,12.0,1920,1080
49999000,i9-13905H,7,14.0,20.0,5.4,5.4,32,5,4.0,1024,1,8.0,0,14.5,165,11,36.0,3072,1920
35999000,185H,7,16.0,22.0,1.8,5.1,32,5,4.0,1024,1,0.0,3,14.0,60,11,24.0,2880,1800
22699000,i9-13900,7,24.0,32.0,1.5,5.2,16,4,4.0,512,1,0.0,3,14.0,60,11,24.0,1920,1200
32999000,155H,7,16.0,22.0,0.9,4.8,32,5,4.0,512,1,0.0,3,14.0,60,11,24.0,2880,1800
21499000,i7-1355U,7,10.0,12.0,5.0,5.0,16,4,4.0,512,1,0.0,3,15.6,60,11,12.0,1920,1080
40999000,i7-1255U,7,10.0,12.0,4.7,4.7,16,4,4.0,256,1,0.0,1,13.0,60,11,12.0,1920,1080
21999000,i9-13900,7,24.0,32.0,1.5,5.2,16,4,4.0,512,1,0.0,3,15.6,60,11,24.0,1920,1080
44990000,i7-13700,7,16.0,24.0,1.5,5.1,16,5,4.0,1024,1,0.0,3,16.0,165,11,12.0,2560,1600
22999000,i7-13700,7,16.0,24.0,1.5,5.1,16,5,4.0,512,1,0.0,3,14.0,60,11,36.0,1920,1200
15999000,i5-1335U,7,10.0,12.0,4.6,4.6,8,4,4.0,512,1,0.0,3,15.6,120,11,12.0,1920,1080
12999000,i5-1235U,7,10.0,12.0,4.4,4.4,32,4,4.0,512,1,0.0,2,15.6,60,11,12.0,1920,1080
43999000,i7-1355U,7,10.0,12.0,5.0,5.0,16,5,4.0,512,1,0.0,3,14.0,60,11,36.0,1920,1200
23990000,i5-1155G7,10,4.0,8.0,1.0,4.5,64,4,4.0,512,1,0.0,3,15.6,60,10,12.0,1920,1080
85999000,i9-13950HX,7,24.0,32.0,5.5,5.5,64,5,4.0,1024,1,0.0,3,16.0,60,11,36.0,1920,1200
48999000,155H,7,16.0,22.0,0.9,4.8,16,5,4.0,512,1,0.0,1,14.0,120,11,24.0,2880,1800
26799000,125H,7,14.0,18.0,0.7,4.5,16,5,4.0,512,1,0.0,3,14.0,60,11,24.0,2880,1800
15999000,i5-1334U,7,10.0,12.0,4.6,4.6,8,4,4.0,512,1,0.0,1,15.0,60,11,12.0,1920,1080
15990000,i5-1335U,7,10.0,12.0,4.6,4.6,8,4,4.0,512,1,0.0,3,14.0,30,11,12.0,1920,1080
17999000,i5-1335U,7,10.0,12.0,4.6,4.6,16,4,4.0,512,1,0.0,3,14.0,60,11,12.0,1920,1080
109999000,i9-13950HX,7,24.0,32.0,5.5,5.5,64,5,4.0,4096,1,16.0,3,17.3,240,11,24.0,2560,1600
63999000,185H,7,16.0,22.0,1.8,5.1,32,5,4.0,1024,1,8.0,3,16.0,240,11,24.0,2560,1600
51799000,i7-14700,7,20.0,28.0,1.5,5.3,32,5,4.0,1024,1,12.0,3,16.0,240,11,12.0,2560,1600
19999000,i5-12450H,7,8.0,12.0,4.4,4.4,64,4,4.0,512,1,0.0,3,15.6,144,11,24.0,1920,1080
54999000,i7-12700H,7,14.0,20.0,4.7,4.7,64,4,4.0,2048,1,8.0,3,16.0,165,11,24.0,2560,1440
16499000,i5-13420H,7,8.0,12.0,4.6,4.6,32,4,4.0,512,1,0.0,3,15.6,60,11,12.0,1920,1080
29599000,155H,7,16.0,22.0,0.9,4.8,16,5,4.0,512,1,0.0,3,15.6,144,11,24.0,1920,1080
33999000,i7-13700,7,16.0,24.0,1.5,5.1,16,5,4.0,512,1,8.0,3,16.0,144,11,12.0,1920,1080
93999000,185H,7,16.0,22.0,1.8,5.1,32,5,4.0,2048,1,16.0,3,18.0,120,11,36.0,3840,2400
51990000,155H,7,16.0,22.0,0.9,4.8,32,5,4.0,1024,1,8.0,1,14.0,120,10,24.0,2880,1800
97999000,i9-14900,7,24.0,32.0,1.5,5.4,32,5,4.0,1024,1,24.0,3,16.0,240,11,24.0,2560,1600
46999000,i9-14900,7,24.0,32.0,1.5,5.4,32,5,4.0,1024,1,8.0,3,16.0,240,10,24.0,2560,1600
51999000,i9-13900,7,24.0,32.0,1.5,5.2,32,5,4.0,1024,1,12.0,3,16.0,165,11,36.0,2560,1600
149990000,i9-13980HX,7,24.0,32.0,5.6,5.6,128,5,4.0,4096,1,24.0,3,17.3,144,11,24.0,3840,2160
89990000,i9-14900,7,24.0,32.0,1.5,5.4,32,5,4.0,2048,1,24.0,3,16.0,240,11,36.0,2560,1600
26769000,i7-10750H,14,6.0,12.0,2.6,5.0,8,4,4.0,512,1,0.0,3,15.6,144,10,12.0,1920,1080
27799000,i7-13620H,7,10.0,16.0,4.9,4.9,16,5,4.0,512,1,8.0,3,16.0,165,11,24.0,1920,1200
34999000,165H,7,16.0,22.0,0.9,5.0,32,5,4.0,512,1,8.0,3,16.0,165,11,36.0,2560,1600
21999000,i5-13500,7,14.0,20.0,1.8,4.8,64,4,4.0,512,1,0.0,3,15.6,144,11,24.0,1920,1080
78799000,i9-14900,7,24.0,32.0,1.5,5.4,32,5,4.0,2048,1,16.0,3,16.0,250,11,12.0,2560,1600
20999000,Ryzen 5 6600H,6,6.0,12.0,3.3,4.5,32,5,5.0,512,1,0.0,3,15.6,120,11,12.0,1920,1080
126999000,i9-13900,7,24.0,32.0,1.5,5.2,32,5,4.0,2048,1,16.0,2,18.0,240,11,12.0,2560,1600
24799000,i5-13500,7,14.0,20.0,1.8,4.8,64,5,4.0,512,1,8.0,3,15.6,144,11,24.0,1920,1080
49989000,i7-8750H,14,6.0,12.0,1.7,4.1,16,4,4.0,256,1,0.0,3,15.6,60,10,12.0,1920,1080
51999000,i7-13700,7,16.0,24.0,1.5,5.1,64,5,4.0,1024,1,8.0,3,14.0,240,11,12.0,2560,1600
149990000,i9-14900,7,24.0,32.0,1.5,5.4,128,5,4.0,128,1,24.0,3,18.0,120,11,36.0,3840,2400
80299000,i7-10875H,14,8.0,16.0,2.3,5.1,32,4,4.0,1024,1,12.0,3,15.6,60,10,12.0,3840,2160
117999000,i9-14900,7,24.0,32.0,1.5,5.4,64,5,4.0,2048,1,24.0,3,18.0,240,11,24.0,2560,1600
92990000,i9-14900,7,24.0,32.0,1.5,5.4,32,5,4.0,2048,1,16.0,3,18.0,120,11,36.0,3840,2400
19599000,i5-12450H,7,8.0,12.0,4.4,4.4,64,4,4.0,512,1,0.0,3,15.6,144,11,24.0,1920,1080
22490000,i7-12650H,7,10.0,16.0,4.7,4.7,64,5,4.0,512,1,0.0,3,15.6,144,11,12.0,1920,1080
38999000,165H,7,16.0,22.0,0.9,5.0,32,5,4.0,512,1,8.0,3,16.0,165,11,12.0,2560,1600
53499000,i9-14900,7,24.0,32.0,1.5,5.4,32,5,4.0,1024,1,12.0,3,16.0,240,10,24.0,2560,1600
21999000,i5-13500,7,14.0,20.0,1.8,4.8,64,5,4.0,512,1,0.0,3,15.6,144,11,24.0,1920,1080
124999000,i9-13980HX,7,24.0,32.0,5.6,5.6,64,5,4.0,2048,1,24.0,3,16.0,165,11,36.0,3200,2000
64990000,185H,7,16.0,22.0,1.8,5.1,32,5,4.0,2048,1,12.0,3,16.0,240,11,36.0,2560,1600
135099000,i9-12900HX,7,16.0,24.0,5.0,5.0,128,5,4.0,128,1,12.0,3,17.3,120,11,24.0,3840,2160
25499000,i5-13500,7,14.0,20.0,1.8,4.8,64,5,4.0,512,1,8.0,3,15.6,144,11,24.0,1920,1080
26999000,i7-13620H,7,10.0,16.0,4.9,4.9,32,5,4.0,512,1,0.0,3,15.6,144,11,24.0,1920,1080
39990000,Ryzen 7 8845HS,4,8.0,16.0,3.8,5.1,64,5,5.0,1024,1,12.0,3,15.0,144,11,24.0,1920,1080
77990000,i9-13900,7,24.0,32.0,1.5,5.2,64,5,4.0,2048,1,12.0,1,16.0,60,11,24.0,3840,2400
79990000,Ryzen 7 8845HS,4,8.0,16.0,3.8,5.1,64,5,5.0,2048,1,12.0,3,15.0,144,10,24.0,1920,1080
84990000,i9-13950HX,7,24.0,32.0,5.5,5.5,64,5,4.0,2048,1,12.0,3,16.0,120,11,24.0,2560,1600
28999000,i7-13700,7,16.0,24.0,1.5,5.1,16,5,4.0,512,1,0.0,3,16.0,144,11,12.0,1920,1080
23999000,i7-13620H,7,10.0,16.0,4.9,4.9,64,5,4.0,512,1,0.0,3,15.6,144,11,24.0,1920,1080
45999000,i7-13700,7,16.0,24.0,1.5,5.1,64,5,4.0,1024,1,8.0,3,17.3,144,11,12.0,1980,1080
68990000,i9-12900H,7,14.0,20.0,5.0,5.0,64,4,4.0,2048,1,8.0,3,17.0,165,11,24.0,2560,1440
74999000,185H,7,16.0,22.0,1.8,5.1,32,5,4.0,1024,1,12.0,1,0.0,240,11,24.0,2560,1440
74990000,i9-13900,7,24.0,32.0,1.5,5.2,64,5,4.0,2048,1,12.0,3,16.0,120,11,24.0,3840,2160
44999000,i9-13900,7,24.0,32.0,1.5,5.2,32,5,4.0,1024,1,8.0,3,16.0,165,11,36.0,2560,1600
99999000,i9-14900,7,24.0,32.0,1.5,5.4,64,5,4.0,2048,1,16.0,3,16.0,240,11,24.0,2560,1600
52019000,i7-10750H,14,6.0,12.0,2.6,5.0,16,4,4.0,1024,1,0.0,3,14.0,60,10,12.0,1920,1080
49990000,155H,7,16.0,22.0,0.9,4.8,32,5,4.0,1024,1,8.0,3,14.0,120,11,24.0,2880,1800
104799000,i9-14900,7,24.0,32.0,1.5,5.4,32,5,4.0,4096,1,24.0,3,18.0,250,11,12.0,2560,1600
59999000,i9-12900H,7,14.0,20.0,5.0,5.0,64,5,4.0,2048,1,12.0,3,17.3,240,10,24.0,2560,1440
58999000,i9-12900,7,16.0,24.0,1.8,5.0,32,5,4.0,512,1,12.0,1,16.0,60,11,12.0,3840,2400
52019000,i7-10750H,14,6.0,12.0,2.6,5.0,16,4,4.0,1024,1,0.0,3,14.0,60,10,12.0,1920,1080
38999000,i7-13650HX,7,14.0,20.0,4.9,4.9,64,5,4.0,512,1,8.0,3,16.0,165,10,24.0,2560,1600
56999000,i9-12900,7,16.0,24.0,1.8,5.0,32,5,4.0,512,1,12.0,1,16.0,60,11,12.0,3840,2400
26799000,i5-12500,7,6.0,12.0,4.6,4.6,64,5,4.0,512,1,0.0,3,15.6,360,11,12.0,1980,1080
79499000,185H,7,16.0,22.0,1.8,5.1,32,5,4.0,2048,1,12.0,3,18.0,120,11,36.0,3840,2400
29799000,i7-13620H,7,10.0,16.0,4.9,4.9,32,5,4.0,512,1,8.0,3,15.6,144,11,24.0,1920,1080
124999000,i9-13900,7,24.0,32.0,1.5,5.2,32,5,4.0,2048,1,16.0,2,16.0,240,11,12.0,2560,1600
59999000,i9-14900,7,24.0,32.0,1.5,5.4,32,5,4.0,1024,1,12.0,3,18.0,240,11,24.0,2560,1600
48999000,i7-13700,7,16.0,24.0,1.5,5.1,32,5,4.0,512,1,12.0,3,16.0,165,11,12.0,2560,1600
45999000,i9-14900,7,24.0,32.0,1.5,5.4,32,5,4.0,512,1,8.0,3,16.0,240,11,24.0,2560,1600
56799000,i9-14900,7,24.0,32.0,1.5,5.4,32,5,4.0,1024,1,12.0,3,16.0,240,11,12.0,2560,1600
35999000,i5-13500,7,14.0,20.0,1.8,4.8,32,5,4.0,512,1,8.0,3,16.0,165,11,12.0,1920,1200
23490000,i5-13500H,7,12.0,16.0,4.7,4.7,16,5,4.0,512,1,0.0,1,14.0,90,11,12.0,2880,1800
26990000,155H,7,16.0,22.0,0.9,4.8,32,5,4.0,1024,1,0.0,1,14.0,60,10,24.0,1920,1200
13990000,i5-1335U,7,10.0,12.0,4.6,4.6,8,4,4.0,512,1,0.0,3,16.0,60,11,24.0,1920,1200
26990000,i7-1360P,7,12.0,16.0,5.0,5.0,16,5,4.0,512,1,4.0,1,14.0,60,11,24.0,1920,1080
21990000,i5-13500H,7,12.0,16.0,4.7,4.7,16,5,4.0,512,1,0.0,1,15.6,144,10,24.0,1920,1080
13890000,i5-1235U,7,10.0,12.0,4.4,4.4,8,4,4.0,512,1,0.0,3,14.0,60,11,36.0,1920,1080
13390000,i5-13420H,7,8.0,12.0,4.6,4.6,16,4,4.0,512,1,0.0,3,14.0,60,10,24.0,1920,1080
24590000,i7-1355U,7,10.0,12.0,5.0,5.0,32,4,4.0,512,1,0.0,3,15.6,60,11,12.0,1920,1080
23490000,i7-12650H,7,10.0,16.0,4.7,4.7,32,4,4.0,512,1,0.0,3,15.0,144,11,12.0,1920,1080
32990000,i5-13500HX,7,14.0,20.0,4.7,4.7,32,5,4.0,512,1,0.0,3,16.0,165,11,12.0,2560,1600
99999000,i9-14900,7,24.0,32.0,1.5,5.4,64,5,4.0,2048,1,16.0,3,16.0,240,11,24.0,2560,1600
21590000,i5-1335U,7,10.0,12.0,4.6,4.6,16,4,4.0,512,1,4.0,3,13.0,60,11,12.0,1920,1080
24490000,Ryzen 7 7735HS,6,8.0,16.0,3.2,4.75,32,5,5.0,512,1,0.0,3,15.6,144,11,24.0,1920,1080
18990000,i7-1355U,7,10.0,12.0,5.0,5.0,16,5,4.0,512,1,0.0,3,15.0,60,11,12.0,1920,1080
13590000,i5-1335U,7,10.0,12.0,4.6,4.6,8,4,4.0,256,1,0.0,0,14.0,60,11,12.0,1920,1080
12290000,Ryzen 7 5700U,7,8.0,16.0,1.8,4.3,16,4,4.0,512,1,0.0,3,14.0,60,11,12.0,1920,1200
9990000,i3-1220P,7,10.0,12.0,4.4,4.4,8,4,4.0,512,1,0.0,3,14.0,60,11,24.0,1920,1200
15990000,i5-1335U,7,10.0,12.0,4.6,4.6,16,4,4.0,512,1,0.0,0,15.6,120,11,12.0,1920,1080
36990000,i7-13700HX,7,16.0,24.0,5.0,5.0,32,5,4.0,512,1,0.0,3,16.0,165,11,12.0,2560,1600
17290000,i7-1355U,7,10.0,12.0,5.0,5.0,8,4,4.0,512,1,0.0,0,15.0,60,11,24.0,1920,1080
17990000,i5-12450H,7,8.0,12.0,4.4,4.4,32,4,4.0,512,1,0.0,3,15.0,144,11,12.0,1920,1080
53990000,i9-14900,7,24.0,32.0,1.5,5.4,64,5,4.0,1024,1,12.0,3,16.0,240,11,24.0,2560,1600
18990000,i7-1355U,7,10.0,12.0,5.0,5.0,16,5,4.0,512,1,0.0,3,14.0,60,11,12.0,1920,1200
8490000,i3-1115G4,10,2.0,4.0,1.7,4.1,8,4,4.0,512,1,0.0,3,14.0,60,11,24.0,1920,1080
27390000,i7-13700H,7,14.0,20.0,5.0,5.0,16,5,4.0,512,1,0.0,1,14.0,90,11,12.0,2880,1800
23590000,125H,7,14.0,18.0,0.7,4.5,16,5,4.0,512,1,0.0,3,14.0,120,11,12.0,2560,1440
38990000,165H,7,16.0,22.0,0.9,5.0,32,5,4.0,512,1,8.0,3,16.0,165,11,12.0,2560,1600
17990000,i5-1335U,7,10.0,12.0,4.6,4.6,16,4,4.0,512,1,0.0,0,15.6,120,11,12.0,1920,1080
15190000,i5-1335U,7,10.0,12.0,4.6,4.6,16,4,4.0,512,1,0.0,1,14.0,60,11,24.0,1920,1080
16990000,Ryzen 5 7535HS,6,6.0,12.0,3.3,4.55,16,5,5.0,512,1,4.0,3,15.6,144,11,24.0,1920,1080
18590000,i5-13500H,7,12.0,16.0,4.7,4.7,16,5,4.0,1024,1,0.0,1,14.0,60,11,36.0,1920,1200
41990000,i7-14650HX,7,16.0,24.0,1.6,5.2,32,5,4.0,1024,1,8.0,1,16.0,165,11,24.0,2560,1600
15990000,Ryzen 7 7730U,7,8.0,16.0,2.0,4.5,16,4,4.0,512,1,0.0,1,15.6,60,11,24.0,1920,1080
28990000,i7-13620H,7,10.0,16.0,4.9,4.9,32,5,4.0,512,1,0.0,3,15.6,144,11,12.0,1920,1080
35990000,i7-1260P,7,12.0,16.0,4.7,4.7,32,4,4.0,512,1,0.0,3,14.0,60,10,36.0,2240,1400
18490000,i5-1240P,7,12.0,16.0,4.4,4.4,16,4,4.0,512,1,0.0,3,14.0,60,11,12.0,2560,1440
31990000,i5-1340P,7,12.0,16.0,4.6,4.6,16,5,4.0,512,1,0.0,1,15.6,60,11,27.0,1920,1080
22790000,i7-1355U,7,10.0,12.0,5.0,5.0,16,4,4.0,512,1,0.0,3,15.6,60,11,12.0,1920,1080
14290000,i5-1235U,7,10.0,12.0,4.4,4.4,8,4,4.0,512,1,0.0,0,15.6,120,11,12.0,1920,1080
32990000,165H,7,16.0,22.0,0.9,5.0,32,5,4.0,512,1,0.0,3,16.0,165,11,12.0,2560,1600
29990000,155H,7,16.0,22.0,0.9,4.8,32,5,4.0,1024,1,0.0,1,14.0,60,11,24.0,1920,1200
22490000,i7-13700H,7,14.0,20.0,5.0,5.0,48,4,4.0,512,1,0.0,3,16.0,60,10,24.0,1920,1200
66990000,185H,7,16.0,22.0,1.8,5.1,32,5,4.0,512,1,8.0,1,16.0,240,11,24.0,2560,1600
17990000,Ryzen 5 7530U,7,6.0,12.0,2.0,4.5,16,4,4.0,1024,1,0.0,3,14.0,60,11,12.0,1920,1080
18990000,i5-13420H,7,8.0,12.0,4.6,4.6,32,5,4.0,512,1,0.0,3,15.6,144,11,12.0,1920,1080
59990000,i9-14900,7,24.0,32.0,1.5,5.4,32,5,4.0,512,1,12.0,3,18.0,240,11,24.0,2560,1600
21990000,125H,7,14.0,18.0,0.7,4.5,16,5,4.0,512,1,0.0,3,14.0,55,11,12.0,2240,1400
22990000,i7-13700H,7,14.0,20.0,5.0,5.0,16,5,4.0,512,1,0.0,1,14.0,60,11,36.0,1920,1200
27490000,i7-1250U,7,10.0,12.0,4.7,4.7,16,4,4.0,512,1,0.0,1,13.3,60,11,12.0,2880,1800
23990000,Ryzen 5 7535HS,6,6.0,12.0,3.3,4.55,8,5,5.0,512,1,4.0,3,15.6,144,11,24.0,1920,1080
21490000,i5-12450H,7,8.0,12.0,4.4,4.4,64,4,4.0,512,1,0.0,3,15.6,144,11,12.0,1920,1080
10290000,i3-1215U,7,6.0,8.0,4.4,4.4,8,4,4.0,256,1,0.0,3,14.0,60,11,12.0,1920,1080
35990000,i7-1355U,7,10.0,12.0,5.0,5.0,16,5,4.0,512,1,0.0,3,14.0,60,11,36.0,2240,1400
18990000,i7-1255U,7,10.0,12.0,4.7,4.7,32,4,4.0,512,1,0.0,1,14.0,60,11,24.0,1920,1080
10390000,i3-1215U,7,6.0,8.0,4.4,4.4,8,4,4.0,256,1,0.0,1,15.6,60,11,12.0,1920,1080
32900000,i5-11500H,10,6.0,12.0,2.4,4.6,16,4,4.0,512,1,0.0,1,15.6,60,10,12.0,1920,1080
69990000,i9-13900H,7,14.0,20.0,5.4,5.4,64,5,4.0,2048,1,12.0,1,16.0,60,11,24.0,3840,2400
25990000,i7-1360P,7,12.0,16.0,5.0,5.0,64,4,4.0,512,1,0.0,3,14.0,60,10,24.0,1920,1080
8990000,i3-1215U,7,6.0,8.0,4.4,4.4,32,4,4.0,512,1,0.0,2,15.6,60,11,12.0,1920,1080
13990000,i5-1335U,7,10.0,12.0,4.6,4.6,8,4,4.0,512,1,0.0,0,15.0,60,11,24.0,1920,1080
75690000,155H,7,16.0,22.0,0.9,4.8,64,5,4.0,1024,1,0.0,1,14.5,60,11,12.0,3200,2000
18190000,i5-1335U,7,10.0,12.0,4.6,4.6,8,4,4.0,512,1,0.0,3,15.6,60,11,12.0,1920,1080
57990000,Ryzen 9 8945HS,4,8.0,16.0,4.0,5.2,32,5,5.0,1024,1,8.0,3,14.0,120,11,24.0,2880,1800
16490000,i5-13420H,7,8.0,12.0,4.6,4.6,32,4,4.0,512,1,0.0,3,15.6,60,11,12.0,1920,1080
30390000,Ryzen 7 7735HS,6,8.0,16.0,3.2,4.75,24,5,5.0,512,1,0.0,3,14.0,144,11,24.0,1920,1200
30990000,i7-1360P,7,12.0,16.0,5.0,5.0,16,5,4.0,1024,1,0.0,3,17.0,60,11,12.0,2560,1600
18590000,i5-13500H,7,12.0,16.0,4.7,4.7,16,5,4.0,1024,1,0.0,1,14.0,60,11,36.0,1920,1200
13190000,i5-1335U,7,10.0,12.0,4.6,4.6,16,4,4.0,512,1,0.0,3,15.6,60,11,24.0,1920,1080
24990000,155H,7,16.0,22.0,0.9,4.8,32,5,4.0,512,1,0.0,1,14.0,60,11,24.0,1920,1200
15490000,i5-1335U,7,10.0,12.0,4.6,4.6,8,4,4.0,512,1,0.0,0,15.6,60,11,24.0,1920,1080
34990000,i7-13700HX,7,16.0,24.0,5.0,5.0,32,5,4.0,512,1,0.0,3,16.0,165,11,12.0,2560,1600
59450000,185H,7,16.0,22.0,1.8,5.1,32,5,4.0,1024,1,0.0,1,14.0,120,11,24.0,2880,1800
21990000,i9-13900H,7,14.0,20.0,5.4,5.4,16,5,4.0,512,1,0.0,3,15.6,60,11,12.0,1920,1080
18590000,Ryzen 5 7530U,7,6.0,12.0,2.0,4.5,16,4,4.0,1024,1,0.0,3,14.0,60,11,12.0,1920,1080
24790000,155H,7,16.0,22.0,0.9,4.8,16,5,4.0,512,1,0.0,3,14.0,60,11,12.0,2240,1400
37990000,i7-12700H,7,14.0,20.0,4.7,4.7,64,4,4.0,1024,1,8.0,3,15.0,165,11,24.0,2560,1440
22490000,i7-12650H,7,10.0,16.0,4.7,4.7,64,5,4.0,512,1,0.0,3,15.6,144,11,24.0,1920,1080
18290000,i5-1335U,7,10.0,12.0,4.6,4.6,16,4,4.0,512,1,0.0,0,14.0,60,11,12.0,1920,1080
28590000,155H,7,16.0,22.0,0.9,4.8,32,5,4.0,512,1,0.0,1,14.0,60,11,24.0,1920,1200
13990000,i5-1335U,7,10.0,12.0,4.6,4.6,8,4,4.0,256,1,0.0,1,14.0,60,11,24.0,1920,1080
39990000,i7-14700HX,7,20.0,28.0,1.5,5.5,64,5,4.0,1024,1,8.0,3,16.0,240,11,24.0,2560,1600
28390000,i7-13620H,7,10.0,16.0,4.9,4.9,16,5,4.0,512,1,0.0,3,15.6,144,11,24.0,1920,1080
27990000,i7-13700H,7,14.0,20.0,5.0,5.0,48,4,4.0,1024,1,0.0,3,16.0,60,11,24.0,1920,1200
39490000,155H,7,16.0,22.0,0.9,4.8,16,5,4.0,512,1,0.0,3,14.0,60,11,12.0,1920,1200
12190000,i3-1305U,7,5.0,6.0,4.5,4.5,16,4,4.0,512,1,0.0,0,15.6,120,11,12.0,1920,1080
56790000,i9-14900,7,24.0,32.0,1.5,5.4,32,5,4.0,1024,1,12.0,3,16.0,240,11,12.0,2560,1600
39999000,i7-13700H,7,14.0,20.0,5.0,5.0,32,5,4.0,1024,1,0.0,1,14.5,120,11,12.0,2880,1800
19990000,i5-12450H,7,8.0,12.0,4.4,4.4,64,4,4.0,512,1,0.0,3,15.6,144,11,24.0,1920,1080
12290000,i5-1235U,7,10.0,12.0,4.4,4.4,32,4,4.0,512,1,0.0,2,15.6,60,11,12.0,1920,1080
16490000,Ryzen 5 7535HS,6,6.0,12.0,3.3,4.55,32,5,5.0,512,1,4.0,3,15.6,144,11,24.0,1920,1080
14990000,i5-12450H,7,8.0,12.0,4.4,4.4,16,5,4.0,1024,1,0.0,3,15.6,60,11,24.0,1920,1080
21990000,i7-12700H,7,14.0,20.0,4.7,4.7,32,4,4.0,512,1,4.0,3,15.6,144,11,12.0,1920,1080
15990000,i5-1335U,7,10.0,12.0,4.6,4.6,16,4,4.0,512,1,0.0,0,15.6,120,11,12.0,1920,1080
17490000,i5-12450H,7,8.0,12.0,4.4,4.4,64,5,4.0,512,1,0.0,3,15.0,144,11,24.0,1920,1080
19790000,i5-13500H,7,12.0,16.0,4.7,4.7,64,5,4.0,512,1,0.0,3,16.0,60,11,24.0,1920,1200
32990000,i7-1355U,7,10.0,12.0,5.0,5.0,16,5,4.0,512,1,0.0,3,14.0,60,10,36.0,2240,1400
20790000,i5-1335U,7,10.0,12.0,4.6,4.6,8,4,4.0,512,1,0.0,3,14.0,60,11,12.0,1920,1080
14990000,i5-12450H,7,8.0,12.0,4.4,4.4,32,4,4.0,512,1,0.0,3,15.0,60,11,12.0,1920,1080
12990000,i3-1315U,7,6.0,8.0,4.5,4.5,8,4,4.0,256,1,0.0,3,15.6,60,11,12.0,1920,1080
23590000,i5-12450H,7,8.0,12.0,4.4,4.4,8,5,4.0,512,1,0.0,3,15.6,144,11,24.0,1920,1080
23990000,i7-1355U,7,10.0,12.0,5.0,5.0,16,4,4.0,512,1,0.0,3,14.0,60,11,12.0,1920,1080
19990000,i5-12450H,7,8.0,12.0,4.4,4.4,32,5,4.0,512,1,0.0,3,15.6,144,11,24.0,1920,1080
124990000,i9-13980HX,7,24.0,32.0,5.6,5.6,64,5,4.0,2048,1,24.0,0,16.0,165,11,36.0,3200,2000
25990000,125H,7,14.0,18.0,0.7,4.5,16,5,4.0,1024,1,4.0,1,14.0,120,11,24.0,2880,1800
23990000,i5-1230U,7,10.0,12.0,4.4,4.4,16,4,4.0,512,1,0.0,1,13.3,60,11,12.0,2880,1800
25990000,155H,7,16.0,22.0,0.9,4.8,32,5,4.0,512,1,0.0,1,16.0,120,11,24.0,2048,1280
36990000,i7-1355U,7,10.0,12.0,5.0,5.0,16,5,4.0,512,1,0.0,3,14.0,60,10,36.0,1920,1200
43990000,i7-13650HX,7,14.0,20.0,4.9,4.9,32,5,4.0,512,1,8.0,3,16.0,240,11,24.0,2560,1600
34990000,Ryzen 7 7840HS,4,8.0,16.0,3.8,5.1,32,5,5.0,512,1,8.0,3,16.0,165,11,36.0,2560,1600
14190000,i5-1235U,7,10.0,12.0,4.4,4.4,8,4,4.0,512,1,0.0,1,15.6,60,11,12.0,1920,1080
28790000,i7-13700H,7,14.0,20.0,5.0,5.0,16,5,4.0,512,1,0.0,3,16.1,60,11,12.0,1920,1080
26790000,125H,7,14.0,18.0,0.7,4.5,16,5,4.0,512,1,0.0,1,14.0,120,11,24.0,2880,1800
17490000,i5-13500H,7,12.0,16.0,4.7,4.7,16,4,4.0,512,1,0.0,1,14.0,90,11,24.0,2880,1800
29790000,i7-13620H,7,10.0,16.0,4.9,4.9,32,5,4.0,512,1,8.0,3,15.6,144,11,24.0,1920,1080
19990000,i5-12450H,7,8.0,12.0,4.4,4.4,32,4,4.0,512,1,0.0,3,15.0,144,11,12.0,1920,1080
9990000,i3-N305,7,8.0,8.0,3.8,3.8,16,5,4.0,512,1,0.0,3,14.0,60,11,12.0,1920,1080
149990000,i9-14900,7,24.0,32.0,1.5,5.4,128,5,4.0,128,1,24.0,3,18.0,120,11,36.0,1920,1080
25990000,120U,7,10.0,12.0,0.9,5.0,16,5,4.0,512,1,0.0,1,14.0,60,11,12.0,2240,1400
21990000,i5-1340P,7,12.0,16.0,4.6,4.6,16,4,4.0,512,1,0.0,3,15.6,60,11,12.0,1920,1080
35990000,Ryzen 7 7840HS,4,8.0,16.0,3.8,5.1,32,5,5.0,512,1,8.0,3,16.0,165,11,12.0,2560,1600
24990000,i5-12450H,7,8.0,12.0,4.4,4.4,32,5,4.0,512,1,0.0,3,15.6,144,11,12.0,1920,1080
11190000,i3-1315U,7,6.0,8.0,4.5,4.5,8,4,4.0,256,1,0.0,1,14.0,60,11,24.0,1920,1080
15290000,i5-1235U,7,10.0,12.0,4.4,4.4,16,4,4.0,512,1,0.0,1,15.6,60,11,12.0,1920,1080
17990000,i5-1335U,7,10.0,12.0,4.6,4.6,32,4,4.0,512,1,0.0,3,14.0,60,10,24.0,1920,1200
14900000,i5-1235U,7,10.0,12.0,4.4,4.4,32,4,4.0,256,1,0.0,1,14.0,60,10,12.0,1920,1080
26590000,i5-13450HX,7,10.0,16.0,4.6,4.6,32,5,4.0,512,1,0.0,3,15.6,144,11,24.0,1920,1080
15290000,i5-1235U,7,10.0,12.0,4.4,4.4,16,4,4.0,512,1,0.0,1,15.6,60,11,12.0,1920,1080
37990000,i5-13500HX,7,14.0,20.0,4.7,4.7,32,5,4.0,512,1,8.0,3,16.0,165,11,12.0,2560,1600
18990000,i5-1335U,7,10.0,12.0,4.6,4.6,16,5,4.0,512,1,0.0,3,14.0,60,11,12.0,1920,1200
28990000,i5-1340P,7,12.0,16.0,4.6,4.6,16,5,4.0,512,1,0.0,3,14.0,60,11,12.0,1920,1080
13790000,Ryzen 5 7530U,7,6.0,12.0,2.0,4.5,8,4,4.0,512,1,0.0,1,14.0,90,11,24.0,2880,1800
64590000,i9-14900,7,24.0,32.0,1.5,5.4,32,5,4.0,1024,1,12.0,3,16.0,165,11,24.0,3200,2000
17990000,i7-1355U,7,10.0,12.0,5.0,5.0,16,4,4.0,512,1,0.0,0,15.6,120,11,12.0,1920,1080
18990000,i5-1335U,7,10.0,12.0,4.6,4.6,32,4,4.0,512,1,0.0,3,16.0,60,10,24.0,1920,1200
16990000,i5-1240P,7,12.0,16.0,4.4,4.4,16,4,4.0,512,1,0.0,3,14.0,60,11,12.0,2560,1440
20490000,i7-13700H,7,14.0,20.0,5.0,5.0,16,4,4.0,512,1,0.0,1,15.6,60,11,24.0,1920,1080
21490000,155H,7,16.0,22.0,0.9,4.8,32,5,4.0,512,1,0.0,3,21.2,120,11,24.0,1920,1080
17990000,i5-12450H,7,8.0,12.0,4.4,4.4,8,5,4.0,512,1,0.0,3,15.6,144,11,24.0,1920,1080
19490000,i5-13420H,7,8.0,12.0,4.6,4.6,32,5,4.0,512,1,0.0,3,15.6,144,11,12.0,1920,1080
25990000,125H,7,14.0,18.0,0.7,4.5,16,5,4.0,1024,1,4.0,1,14.0,120,11,24.0,2880,1800
13990000,i5-1235U,7,10.0,12.0,4.4,4.4,8,4,4.0,512,1,0.0,1,15.6,120,11,12.0,1920,1080
30990000,i5-1340P,7,12.0,16.0,4.6,4.6,16,5,4.0,512,1,0.0,3,16.0,60,10,12.0,2560,1600
23990000,i7-1355U,7,10.0,12.0,5.0,5.0,16,5,4.0,512,1,0.0,3,14.0,60,11,12.0,1920,1200
20990000,125H,7,14.0,18.0,0.7,4.5,16,5,4.0,512,1,0.0,1,14.0,60,10,24.0,1920,1200
15990000,i5-13420H,7,8.0,12.0,4.6,4.6,32,4,4.0,512,1,0.0,3,15.0,60,11,12.0,1920,1080
19990000,i5-1335U,7,10.0,12.0,4.6,4.6,16,4,4.0,512,1,0.0,0,15.0,120,11,12.0,1920,1080
20990000,i5-1335U,7,10.0,12.0,4.6,4.6,8,5,4.0,512,1,0.0,1,14.0,60,11,12.0,1920,1200
25390000,i7-1360P,7,12.0,16.0,5.0,5.0,64,4,4.0,512,1,0.0,3,15.0,60,10,24.0,1920,1080
17990000,i5-12450H,7,8.0,12.0,4.4,4.4,32,4,4.0,512,1,0.0,3,15.0,144,11,12.0,1920,1080
25490000,i7-1355U,7,10.0,12.0,5.0,5.0,16,4,4.0,512,1,4.0,3,13.3,60,11,12.0,1920,1080
23990000,i5-1340P,7,12.0,16.0,4.6,4.6,16,5,4.0,256,1,0.0,3,14.0,60,11,12.0,1920,1200
19990000,i5-1340P,7,12.0,16.0,4.6,4.6,8,4,4.0,512,1,0.0,3,14.0,60,11,12.0,1920,1080
27490000,Ryzen 7 7735HS,6,8.0,16.0,3.2,4.75,32,5,5.0,1024,1,8.0,3,15.6,144,11,24.0,1920,1080
27990000,Ryzen 7 8845HS,4,8.0,16.0,3.8,5.1,16,5,5.0,512,1,0.0,3,15.6,144,11,24.0,1920,1080
17990000,i7-13620H,7,10.0,16.0,4.9,4.9,16,5,4.0,1024,1,0.0,3,15.6,60,11,24.0,1920,1080
16990000,i5-1335U,7,10.0,12.0,4.6,4.6,16,4,4.0,512,1,0.0,3,14.0,60,11,14.0,1920,1080
10290000,i3-1215U,7,6.0,8.0,4.4,4.4,8,4,4.0,256,1,0.0,3,14.0,60,11,12.0,1920,1080
13390000,i5-13420H,7,8.0,12.0,4.6,4.6,16,4,4.0,512,1,0.0,3,14.0,60,10,24.0,1920,1080
20990000,i7-12650H,7,10.0,16.0,4.7,4.7,32,4,4.0,512,1,0.0,3,15.0,144,11,12.0,1920,1080
23590000,i5-13420H,7,8.0,12.0,4.6,4.6,32,5,4.0,512,1,0.0,3,15.6,144,11,12.0,1920,1080
33490000,i5-13500HX,7,14.0,20.0,4.7,4.7,32,5,4.0,512,1,0.0,3,16.0,165,11,12.0,2560,1600
25790000,i5-12450H,7,8.0,12.0,4.4,4.4,32,5,4.0,512,1,0.0,3,15.6,144,11,12.0,1920,1080
20590000,i5-1335U,7,10.0,12.0,4.6,4.6,16,4,4.0,512,1,0.0,3,14.0,60,10,12.0,1920,1080
14990000,i5-1335U,7,10.0,12.0,4.6,4.6,8,4,4.0,256,1,0.0,0,15.6,120,11,12.0,1920,1080
14990000,i3-1315U,7,6.0,8.0,4.5,4.5,8,4,4.0,256,1,0.0,3,14.0,60,11,12.0,1920,1080
21990000,125H,7,14.0,18.0,0.7,4.5,16,5,4.0,512,1,0.0,1,16.0,120,11,24.0,2048,1280
18990000,i7-1355U,7,10.0,12.0,5.0,5.0,16,4,4.0,512,1,0.0,0,14.0,60,11,24.0,1920,1080
23990000,i7-1355U,7,10.0,12.0,5.0,5.0,32,4,4.0,512,1,0.0,3,16.0,60,11,24.0,1920,1200
19990000,i5-12500,7,6.0,12.0,4.6,4.6,16,4,4.0,512,1,0.0,1,14.0,90,11,24.0,2880,1800
29900000,i5-1340P,7,12.0,16.0,4.6,4.6,16,5,4.0,512,1,0.0,3,16.0,60,10,12.0,2560,1600
46990000,155H,7,16.0,22.0,0.9,4.8,16,5,4.0,1024,1,0.0,3,17.0,60,11,12.0,2560,1600
30990000,i7-13620H,7,10.0,16.0,4.9,4.9,32,5,4.0,512,1,0.0,3,15.6,144,11,24.0,1920,1080
17490000,i7-1355U,7,10.0,12.0,5.0,5.0,16,5,4.0,512,1,0.0,3,15.0,60,11,12.0,1920,1080
31990000,i7-1360P,7,12.0,16.0,5.0,5.0,16,5,4.0,256,1,0.0,3,17.0,60,11,12.0,2560,1600
14990000,Ryzen 7 7730U,7,8.0,16.0,2.0,4.5,16,4,4.0,512,1,0.0,3,16.0,60,11,24.0,1920,1200
43990000,i7-13620H,7,10.0,16.0,4.9,4.9,48,4,4.0,512,1,0.0,3,16.0,240,11,24.0,2560,1600
17490000,i5-1335U,7,10.0,12.0,4.6,4.6,8,4,4.0,512,1,0.0,3,14.0,60,11,12.0,1920,1080
51790000,i7-14700HX,7,20.0,28.0,1.5,5.5,32,5,4.0,1024,1,12.0,3,16.0,240,11,12.0,2560,1600
16990000,i5-1335U,7,10.0,12.0,4.6,4.6,8,4,4.0,512,1,0.0,0,14.0,60,11,12.0,1920,1080
14990000,i5-1135G7,10,4.0,8.0,0.9,4.2,8,4,4.0,256,1,0.0,3,14.0,60,10,36.0,1920,1080
25900000,i7-12700H,7,14.0,20.0,4.7,4.7,32,4,4.0,512,1,4.0,3,15.6,144,11,12.0,1920,1080
18990000,i5-1335U,7,10.0,12.0,4.6,4.6,16,5,4.0,512,1,0.0,3,14.0,60,11,12.0,1920,1200
8790000,i3-1115G4,10,2.0,4.0,1.7,4.1,8,4,4.0,256,1,0.0,1,15.6,60,11,12.0,1920,1080
19490000,i5-12500,7,6.0,12.0,4.6,4.6,32,4,4.0,512,1,0.0,3,15.6,144,11,18.0,1920,1080
12290000,Ryzen 7 5700U,7,8.0,16.0,1.8,4.3,16,4,4.0,512,1,0.0,3,14.0,60,11,12.0,1920,1200
18490000,i5-13420H,7,8.0,12.0,4.6,4.6,32,4,4.0,512,1,0.0,3,15.0,144,11,12.0,1920,1080
11990000,Ryzen 7 7730U,7,8.0,16.0,2.0,4.5,8,4,4.0,512,1,0.0,3,14.0,60,11,24.0,1920,1080
21390000,i5-12500,7,6.0,12.0,4.6,4.6,32,4,4.0,512,1,4.0,3,15.6,144,11,12.0,1920,1080
28990000,150U,7,10.0,12.0,1.2,5.4,16,5,4.0,1024,1,0.0,1,14.0,60,11,12.0,2240,1400
86990000,i9-14900,7,24.0,32.0,1.5,5.4,64,5,4.0,1024,1,8.0,1,16.0,165,11,24.0,2560,1600
21399000,i9-13900H,7,14.0,20.0,5.4,5.4,16,4,4.0,512,1,0.0,3,14.0,60,11,24.0,1920,1200
35990000,i7-1355U,7,10.0,12.0,5.0,5.0,16,5,4.0,512,1,0.0,3,13.3,60,11,36.0,1920,1200
10290000,i3-1315U,7,6.0,8.0,4.5,4.5,8,4,4.0,512,1,0.0,0,15.6,60,11,24.0,1920,1080
26590000,i7-13700H,7,14.0,20.0,5.0,5.0,16,5,4.0,512,1,0.0,1,14.0,90,11,12.0,2880,1800
47990000,i7-1370P,7,14.0,20.0,5.2,5.2,32,4,4.0,1024,1,0.0,3,14.0,60,11,36.0,1920,1080
35790000,i5-13500HX,7,14.0,20.0,4.7,4.7,32,5,4.0,512,1,8.0,3,16.0,165,11,12.0,1920,1200
18190000,i5-1335U,7,10.0,12.0,4.6,4.6,8,4,4.0,512,1,0.0,3,15.6,60,11,12.0,1920,1080
17990000,i5-13500H,7,12.0,16.0,4.7,4.7,64,5,4.0,512,1,0.0,3,14.0,60,10,24.0,1920,1200
26790000,i7-1360P,7,12.0,16.0,5.0,5.0,16,5,4.0,512,1,0.0,3,14.0,60,11,12.0,1920,1200
37990000,i7-1360P,7,12.0,16.0,5.0,5.0,16,5,4.0,1024,1,0.0,3,17.0,60,11,12.0,2560,1600
35990000,165H,7,16.0,22.0,0.9,5.0,32,5,4.0,512,1,8.0,3,16.0,165,11,12.0,2560,1600
29990000,155H,7,16.0,22.0,0.9,4.8,16,5,4.0,512,1,0.0,3,15.6,144,11,24.0,1920,1080
51490000,125H,7,14.0,18.0,0.7,4.5,16,5,4.0,1024,1,0.0,1,13.4,60,11,12.0,1920,1200
25990000,i7-13620H,7,10.0,16.0,4.9,4.9,32,5,4.0,512,1,0.0,3,15.6,144,11,24.0,1920,1080
29990000,i5-13450HX,7,10.0,16.0,4.6,4.6,32,5,4.0,512,1,0.0,3,16.0,165,11,24.0,1920,1200
16190000,i5-1334U,7,10.0,12.0,4.6,4.6,8,4,4.0,512,1,0.0,1,15.0,60,11,12.0,1920,1080
15999000,i5-12450H,7,8.0,12.0,4.4,4.4,32,4,4.0,512,1,0.0,3,15.0,60,11,12.0,1920,1080
22990000,120U,7,10.0,12.0,0.9,5.0,32,5,4.0,512,1,0.0,3,14.0,60,11,12.0,1920,1200
28990000,i5-1340P,7,12.0,16.0,4.6,4.6,16,5,4.0,512,1,0.0,3,14.0,60,11,12.0,1920,1080
32590000,i9-13900H,7,14.0,20.0,5.4,5.4,32,5,4.0,512,1,8.0,3,15.6,144,11,12.0,1920,1080
63590000,155U,7,12.0,14.0,1.2,4.8,32,5,4.0,1024,1,0.0,1,13.3,60,11,24.0,2880,1800
25490000,i5-1340P,7,12.0,16.0,4.6,4.6,16,5,4.0,512,1,4.0,1,16.0,60,11,12.0,1920,1200
35990000,i5-13500HX,7,14.0,20.0,4.7,4.7,32,5,4.0,512,1,8.0,3,16.0,165,11,12.0,2560,1600
14990000,i5-13420H,7,8.0,12.0,4.6,4.6,32,4,4.0,512,1,0.0,3,15.0,60,11,12.0,1920,1080
43990000,155U,7,12.0,14.0,1.2,4.8,32,5,4.0,1024,1,0.0,1,13.0,60,11,24.0,2880,1800
15990000,i5-1235U,7,10.0,12.0,4.4,4.4,8,4,4.0,512,1,0.0,3,14.0,60,11,15.0,1920,1080
19900000,i5-1335U,7,10.0,12.0,4.6,4.6,8,4,4.0,256,1,0.0,3,14.0,60,10,12.0,1920,1080
65990000,i9-14900,7,24.0,32.0,1.5,5.4,32,5,4.0,1024,1,12.0,3,16.0,165,11,24.0,3200,2000
22990000,i5-13500H,7,12.0,16.0,4.7,4.7,16,5,4.0,512,1,0.0,1,14.0,90,11,12.0,2880,1800
12290000,Ryzen 7 7730U,7,8.0,16.0,2.0,4.5,8,4,4.0,512,1,0.0,3,14.0,60,11,24.0,1920,1080
32990000,i7-13700H,7,14.0,20.0,5.0,5.0,16,5,4.0,512,1,8.0,3,16.1,60,11,12.0,1920,1080
33990000,i5-1340P,7,12.0,16.0,4.6,4.6,16,5,4.0,512,1,0.0,1,16.0,120,11,12.0,2560,1600
24990000,i5-1335U,7,10.0,12.0,4.6,4.6,16,4,4.0,512,1,0.0,3,14.0,60,10,12.0,1920,1080
39990000,i7-14650HX,7,16.0,24.0,1.6,5.2,16,4,4.0,512,1,8.0,0,16.0,165,11,24.0,2560,1600
17990000,i5-12450H,7,8.0,12.0,4.4,4.4,32,4,4.0,512,1,0.0,3,15.6,144,11,12.0,1920,1080
12390000,i3-1305U,7,5.0,6.0,4.5,4.5,8,4,4.0,512,1,0.0,0,15.6,120,11,12.0,1920,1080
21990000,i9-13900H,7,14.0,20.0,5.4,5.4,16,4,4.0,512,1,0.0,1,15.6,60,11,24.0,1920,1080
25990000,i5-13420H,7,8.0,12.0,4.6,4.6,8,5,4.0,512,1,0.0,3,15.6,144,11,24.0,1920,1080
21590000,i7-1355U,7,10.0,12.0,5.0,5.0,8,4,4.0,512,1,0.0,0,15.6,120,10,12.0,1920,1080
19890000,i7-1355U,7,10.0,12.0,5.0,5.0,16,4,4.0,512,1,0.0,1,14.0,60,11,12.0,1920,1080
16990000,Ryzen 5 6600H,6,6.0,12.0,3.3,4.5,16,5,5.0,512,1,0.0,3,15.6,120,11,16.0,1920,1080
57990000,Ryzen 9 8945HS,4,8.0,16.0,4.0,5.2,32,5,5.0,1024,1,8.0,1,14.0,120,11,24.0,2880,1800
46790000,i9-14900,7,24.0,32.0,1.5,5.4,64,5,4.0,1024,1,8.0,3,16.0,240,11,24.0,2560,1600
19790000,i5-12450H,7,8.0,12.0,4.4,4.4,12,5,4.0,512,1,0.0,3,15.6,144,11,24.0,1920,1080
15490000,i5-1235U,7,10.0,12.0,4.4,4.4,16,4,4.0,512,1,0.0,0,15.6,120,11,12.0,1920,1080
29990000,i5-1340P,7,12.0,16.0,4.6,4.6,16,5,4.0,512,1,0.0,3,16.0,60,10,12.0,2560,1600
62890000,i9-13900H,7,14.0,20.0,5.4,5.4,64,5,4.0,1024,1,12.0,0,16.0,240,11,24.0,2560,1440
24990000,i7-1355U,7,10.0,12.0,5.0,5.0,16,4,4.0,512,1,0.0,3,14.0,60,11,12.0,1920,1080
9790000,i3-1215U,7,6.0,8.0,4.4,4.4,16,4,4.0,512,1,0.0,0,15.0,60,11,24.0,1920,1080
30290000,i7-1355U,7,10.0,12.0,5.0,5.0,16,4,4.0,512,1,0.0,3,14.0,60,10,12.0,1920,1080
18990000,i7-1355U,7,10.0,12.0,5.0,5.0,16,5,4.0,512,1,0.0,3,14.0,60,11,12.0,1920,1200
10790000,i3-1305U,7,5.0,6.0,4.5,4.5,16,5,4.0,512,1,0.0,3,15.6,60,11,12.0,1920,1080
63990000,185H,7,16.0,22.0,1.8,5.1,32,5,4.0,1024,1,8.0,1,16.0,240,11,24.0,2560,1600
26990000,Ryzen 7 7735HS,6,8.0,16.0,3.2,4.75,32,5,5.0,512,1,8.0,3,15.6,144,11,24.0,1920,1080
18690000,i5-1335U,7,10.0,12.0,4.6,4.6,8,4,4.0,512,1,0.0,3,14.0,60,11,12.0,1920,1080
16190000,i5-1335U,7,10.0,12.0,4.6,4.6,8,4,4.0,512,1,0.0,1,14.0,60,11,12.0,1920,1080
15990000,i5-12450H,7,8.0,12.0,4.4,4.4,16,5,4.0,1024,1,0.0,3,16.0,60,11,36.0,1920,1200
21690000,i5-1335U,7,10.0,12.0,4.6,4.6,8,4,4.0,256,1,0.0,3,14.0,60,10,12.0,1920,1080
15690000,i7-1255U,7,10.0,12.0,4.7,4.7,8,4,4.0,512,1,0.0,0,14.0,60,11,24.0,1920,1080
25590000,i5-13420H,7,8.0,12.0,4.6,4.6,32,5,4.0,512,1,0.0,3,15.6,144,11,12.0,1920,1080
33990000,i5-1340P,7,12.0,16.0,4.6,4.6,16,5,4.0,512,1,0.0,3,14.0,60,10,36.0,2240,1400
17490000,i5-1335U,7,10.0,12.0,4.6,4.6,16,4,4.0,512,1,0.0,3,14.0,60,11,24.0,1920,1080
18790000,i5-1335U,7,10.0,12.0,4.6,4.6,8,4,4.0,512,1,0.0,3,15.6,60,11,12.0,1920,1080
75990000,185H,7,16.0,22.0,1.8,5.1,32,5,4.0,1024,1,12.0,1,16.0,240,11,24.0,2560,1600
24990000,i5-1340P,7,12.0,16.0,4.6,4.6,16,5,4.0,512,1,0.0,1,14.0,90,11,24.0,2880,1800
21290000,i5-1340P,7,12.0,16.0,4.6,4.6,8,5,4.0,256,1,0.0,3,14.0,60,10,12.0,1920,1200
43390000,155H,7,16.0,22.0,0.9,4.8,16,5,4.0,512,1,0.0,3,16.0,60,11,12.0,2560,1600
36990000,i7-13620H,7,10.0,16.0,4.9,4.9,16,5,4.0,512,1,12.0,3,15.0,144,11,24.0,1920,1080
78790000,i9-14900,7,24.0,32.0,1.5,5.4,32,5,4.0,1024,1,16.0,3,16.0,250,11,12.0,2560,1600
20490000,i7-1355U,7,10.0,12.0,5.0,5.0,16,4,4.0,512,1,0.0,3,15.6,60,11,24.0,1920,1080
27690000,i7-1360P,7,12.0,16.0,5.0,5.0,16,5,4.0,512,1,4.0,1,16.0,60,11,12.0,1920,1200
15990000,i5-12450H,7,8.0,12.0,4.4,4.4,64,4,4.0,512,1,0.0,3,15.6,144,11,12.0,1920,1080
33990000,165H,7,16.0,22.0,0.9,5.0,32,5,4.0,512,1,0.0,3,16.0,165,11,12.0,2560,1600
19990000,i5-1335U,7,10.0,12.0,4.6,4.6,32,4,4.0,512,1,0.0,3,14.0,60,11,24.0,1920,1200
14490000,i5-1335U,7,10.0,12.0,4.6,4.6,8,4,4.0,512,1,0.0,3,16.0,60,11,24.0,1920,1200
55490000,i7-13800H,7,14.0,20.0,5.2,5.2,32,5,4.0,1024,1,0.0,1,15.6,60,11,36.0,1920,1080
22990000,i7-1355U,7,10.0,12.0,5.0,5.0,16,5,4.0,512,1,0.0,3,14.0,60,11,12.0,1920,1200
60990000,Ryzen 9 7945HX,5,16.0,32.0,2.5,5.4,64,5,5.0,1024,1,16.0,3,17.3,240,11,24.0,2560,1440
27290000,i7-1355U,7,10.0,12.0,5.0,5.0,16,5,4.0,512,1,0.0,0,14.0,60,11,12.0,1920,1080
26890000,125H,7,14.0,18.0,0.7,4.5,16,5,4.0,512,1,0.0,1,14.0,120,11,24.0,2880,1800
44290000,155H,7,16.0,22.0,0.9,4.8,16,5,4.0,512,1,0.0,1,15.6,60,11,12.0,1920,1080
17990000,Ryzen 5 7535HS,6,6.0,12.0,3.3,4.55,32,5,5.0,512,1,4.0,3,15.6,144,11,24.0,1920,1080
97990000,i9-14900,7,24.0,32.0,1.5,5.4,64,5,4.0,1024,1,24.0,3,16.0,240,11,24.0,2560,1600
28990000,i7-13620H,7,10.0,16.0,4.9,4.9,32,5,4.0,512,1,0.0,3,15.6,144,11,12.0,1920,1080
17390000,i5-13500H,7,12.0,16.0,4.7,4.7,24,4,4.0,512,1,0.0,1,15.0,60,11,24.0,1920,1080
26990000,165H,7,16.0,22.0,0.9,5.0,32,5,4.0,512,1,0.0,3,16.0,165,11,12.0,1920,1200
21990000,i5-1340P,7,12.0,16.0,4.6,4.6,16,4,4.0,512,1,0.0,3,15.6,60,11,12.0,1920,1080
17790000,i5-1335U,7,10.0,12.0,4.6,4.6,16,4,4.0,512,1,0.0,0,15.6,120,11,12.0,1920,1080
104890000,i9-14900,7,24.0,32.0,1.5,5.4,32,5,4.0,2048,1,24.0,3,18.0,250,11,12.0,2560,1600
12990000,i5-1235U,7,10.0,12.0,4.4,4.4,32,4,4.0,512,1,0.0,2,15.6,60,11,12.0,1920,1080
114490000,i9-14900,7,24.0,32.0,1.5,5.4,64,5,4.0,512,1,24.0,0,18.0,240,11,24.0,2560,1600
16190000,i7-1255U,7,10.0,12.0,4.7,4.7,16,4,4.0,512,1,0.0,3,15.6,60,11,24.0,1920,1080
16990000,i5-1335U,7,10.0,12.0,4.6,4.6,16,4,4.0,512,1,0.0,1,14.0,60,11,12.0,1920,1080
10890000,i3-1215U,7,6.0,8.0,4.4,4.4,8,4,4.0,512,1,0.0,1,15.6,60,11,12.0,1920,1080
35990000,185H,7,16.0,22.0,1.8,5.1,32,5,4.0,1024,1,0.0,1,14.0,120,11,24.0,2880,1800
16990000,i5-1335U,7,10.0,12.0,4.6,4.6,64,5,4.0,512,1,0.0,3,14.0,60,10,24.0,1920,1200
15790000,i5-1335U,7,10.0,12.0,4.6,4.6,16,5,4.0,512,1,0.0,3,14.0,60,11,12.0,1920,1200
14490000,i5-1235U,7,10.0,12.0,4.4,4.4,16,4,4.0,512,1,0.0,1,15.0,60,11,24.0,1920,1080
14990000,i5-1335U,7,10.0,12.0,4.6,4.6,8,4,4.0,512,1,0.0,0,15.6,60,11,24.0,1920,1080
19290000,i5-1335U,7,10.0,12.0,4.6,4.6,16,4,4.0,512,1,0.0,3,15.6,60,11,12.0,1920,1080
19890000,i7-1355U,7,10.0,12.0,5.0,5.0,16,4,4.0,512,1,0.0,1,15.0,60,11,12.0,1920,1080
9690000,i3-1215U,7,6.0,8.0,4.4,4.4,8,4,4.0,256,1,0.0,0,15.0,60,11,24.0,1920,1080
28990000,165H,7,16.0,22.0,0.9,5.0,32,5,4.0,512,1,0.0,3,16.0,165,11,12.0,1920,1200
27790000,i7-13620H,7,10.0,16.0,4.9,4.9,16,5,4.0,512,1,8.0,1,16.0,165,11,24.0,1920,1080
32890000,155H,7,16.0,22.0,0.9,4.8,32,5,4.0,1024,1,0.0,1,14.0,120,11,24.0,2880,1800
28390000,i5-1335U,7,10.0,12.0,4.6,4.6,16,5,4.0,512,1,0.0,3,14.0,60,10,36.0,2240,1400
16990000,i5-1334U,7,10.0,12.0,4.6,4.6,16,4,4.0,512,1,0.0,1,15.0,60,11,12.0,1920,1080
20990000,125H,7,14.0,18.0,0.7,4.5,16,5,4.0,512,1,0.0,3,14.0,55,11,12.0,2240,1400
22390000,i5-1335U,7,10.0,12.0,4.6,4.6,16,4,4.0,512,1,4.0,3,13.0,60,11,12.0,1920,1080
34590000,125H,7,14.0,18.0,0.7,4.5,16,5,4.0,512,1,0.0,3,14.0,60,11,12.0,1920,1200
26190000,i7-1355U,7,10.0,12.0,5.0,5.0,16,4,4.0,512,1,0.0,3,14.0,60,11,12.0,1920,1080
18950000,i5-1335U,7,10.0,12.0,4.6,4.6,8,4,4.0,512,1,0.0,3,14.0,60,11,12.0,1920,1080
15490000,Ryzen 5 7530U,7,6.0,12.0,2.0,4.5,16,4,4.0,512,1,0.0,3,14.0,60,11,24.0,1920,1200
29990000,i7-13620H,7,10.0,16.0,4.9,4.9,64,5,4.0,1024,1,8.0,3,15.6,144,11,24.0,1920,1080
16990000,i5-12450H,7,8.0,12.0,4.4,4.4,64,4,4.0,512,1,0.0,3,15.6,144,11,24.0,1920,1080
17290000,i5-13500H,7,12.0,16.0,4.7,4.7,64,5,4.0,512,1,0.0,3,14.0,60,11,24.0,1920,1200
45690000,155H,7,16.0,22.0,0.9,4.8,16,5,4.0,1024,1,0.0,1,14.0,120,11,24.0,2880,1800
21590000,i5-13500H,7,12.0,16.0,4.7,4.7,8,5,4.0,512,1,0.0,1,15.6,144,11,24.0,1920,1080
37990000,i7-1360P,7,12.0,16.0,5.0,5.0,32,5,4.0,512,1,0.0,3,16.0,60,10,36.0,1920,1200
9999000,i3-N305,7,8.0,8.0,3.8,3.8,16,5,4.0,512,1,0.0,3,14.0,60,11,12.0,1920,1080
50990000,i7-13700HX,7,16.0,24.0,5.0,5.0,32,5,4.0,512,1,12.0,2,16.0,240,11,12.0,2560,1600
33990000,i7-1360P,7,12.0,16.0,5.0,5.0,16,5,4.0,512,1,0.0,3,16.0,60,11,12.0,2560,1600
17490000,i5-13500H,7,12.0,16.0,4.7,4.7,16,4,4.0,512,1,0.0,1,14.0,90,11,24.0,2880,1800
22990000,i9-13900H,7,14.0,20.0,5.4,5.4,16,4,4.0,512,1,0.0,3,14.0,60,11,24.0,1920,1200
16890000,i5-11260H,10,6.0,12.0,2.1,4.4,32,4,4.0,512,1,0.0,1,15.6,144,11,24.0,1920,1080
12290000,i3-1305U,7,5.0,6.0,4.5,4.5,8,4,4.0,512,1,0.0,3,14.0,60,11,12.0,1920,1080
89900000,Ryzen 9 7945HX,5,16.0,32.0,2.5,5.4,64,5,5.0,1024,1,16.0,3,16.0,240,11,24.0,2560,1600
18990000,i5-1335U,7,10.0,12.0,4.6,4.6,8,4,4.0,512,1,0.0,3,14.0,60,10,12.0,1920,1080
45990000,i9-14900,7,24.0,32.0,1.5,5.4,32,5,4.0,512,1,8.0,3,16.0,240,11,24.0,2560,1600
36990000,Ryzen 7 7840HS,4,8.0,16.0,3.8,5.1,32,5,5.0,512,1,8.0,3,16.0,165,11,12.0,2560,1600
15790000,i5-12450H,7,8.0,12.0,4.4,4.4,16,5,4.0,512,1,0.0,3,16.0,60,11,36.0,1920,1200
20490000,i7-1355U,7,10.0,12.0,5.0,5.0,16,4,4.0,512,1,0.0,0,15.6,120,11,12.0,1920,1080
26590000,i5-13420H,7,8.0,12.0,4.6,4.6,32,5,4.0,512,1,0.0,3,15.6,144,11,12.0,1920,1080
26590000,155H,7,16.0,22.0,0.9,4.8,16,5,4.0,512,1,0.0,3,14.0,120,11,12.0,2560,1440
23990000,i5-1335U,7,10.0,12.0,4.6,4.6,8,4,4.0,512,1,0.0,3,14.0,60,10,12.0,1920,1080
39990000,i7-13620H,7,10.0,16.0,4.9,4.9,64,5,4.0,1024,1,12.0,3,15.6,144,11,24.0,1920,1080
16490000,i5-1240P,7,12.0,16.0,4.4,4.4,8,4,4.0,512,1,0.0,3,15.6,60,11,12.0,1920,1080
14190000,i5-12450H,7,8.0,12.0,4.4,4.4,16,5,4.0,1024,1,0.0,3,14.0,60,11,24.0,1920,1080
23990000,i7-13620H,7,10.0,16.0,4.9,4.9,32,5,4.0,512,1,0.0,3,15.6,144,11,12.0,1920,1080
32990000,i7-13650HX,7,14.0,20.0,4.9,4.9,16,5,4.0,512,1,8.0,3,15.6,144,11,24.0,1920,1080
9290000,i3-N305,7,8.0,8.0,3.8,3.8,8,5,4.0,512,1,0.0,3,15.6,60,11,12.0,1920,1080
25990000,i7-1355U,7,10.0,12.0,5.0,5.0,16,4,4.0,512,1,4.0,3,13.0,60,11,12.0,1920,1080
33990000,i5-13500HX,7,14.0,20.0,4.7,4.7,32,5,4.0,512,1,8.0,3,16.0,165,11,12.0,1920,1200
24590000,155H,7,16.0,22.0,0.9,4.8,16,5,4.0,512,1,0.0,3,14.0,60,11,12.0,2240,1400
14249000,i3-1305U,7,5.0,6.0,4.5,4.5,8,4,4.0,512,1,0.0,1,15.0,120,11,12.0,1920,1080
37690000,i7-13650HX,7,14.0,20.0,4.9,4.9,16,5,4.0,512,1,8.0,0,15.6,165,11,12.0,1920,1080
12990000,Ryzen 5 7530U,7,6.0,12.0,2.0,4.5,8,4,4.0,512,1,0.0,3,14.0,60,11,36.0,1920,1080
23190000,i5-1340P,7,12.0,16.0,4.6,4.6,16,5,4.0,512,1,4.0,1,14.0,60,11,24.0,1920,1080
14390000,i5-1335U,7,10.0,12.0,4.6,4.6,8,4,4.0,512,1,0.0,1,14.0,60,11,24.0,1920,1080
27990000,i7-13700H,7,14.0,20.0,5.0,5.0,48,4,4.0,1024,1,0.0,3,14.0,60,11,24.0,1920,1200
18990000,i9-13900H,7,14.0,20.0,5.4,5.4,16,5,4.0,512,1,0.0,3,15.6,60,11,12.0,1920,1080
28990000,i5-1340P,7,12.0,16.0,4.6,4.6,16,5,4.0,512,1,0.0,1,14.0,90,11,12.0,2560,1600
24790000,i5-1340P,7,12.0,16.0,4.6,4.6,16,5,4.0,256,1,0.0,3,14.0,60,11,12.0,1920,1200
17990000,i7-1255U,7,10.0,12.0,4.7,4.7,16,4,4.0,512,1,0.0,3,15.6,60,11,16.0,1920,1080
18390000,i7-13620H,7,10.0,16.0,4.9,4.9,16,5,4.0,512,1,0.0,3,14.0,60,11,24.0,1920,1080
13990000,i5-1235U,7,10.0,12.0,4.4,4.4,16,4,4.0,512,1,0.0,3,15.6,60,11,24.0,1920,1080
18990000,i5-12450H,7,8.0,12.0,4.4,4.4,32,4,4.0,512,1,0.0,3,15.6,60,11,12.0,1920,1080
14990000,i5-1335U,7,10.0,12.0,4.6,4.6,16,5,4.0,512,1,0.0,3,15.0,60,11,12.0,1920,1080
22490000,i7-1355U,7,10.0,12.0,5.0,5.0,16,6,4.0,512,1,0.0,0,15.6,120,11,12.0,1920,1080
52990000,Ryzen 9 8945HS,4,8.0,16.0,4.0,5.2,32,5,5.0,512,1,0.0,1,14.0,120,11,24.0,2880,1800
12990000,i3-1315U,7,6.0,8.0,4.5,4.5,8,4,4.0,256,1,0.0,3,15.6,60,11,12.0,1920,1080
28990000,155H,7,16.0,22.0,0.9,4.8,16,5,4.0,512,1,0.0,1,16.0,120,11,24.0,3200,2000
28990000,i7-12700H,7,14.0,20.0,4.7,4.7,32,4,4.0,512,1,8.0,3,15.6,144,11,24.0,1920,1080
45990000,155H,7,16.0,22.0,0.9,4.8,16,5,4.0,512,1,0.0,1,14.0,120,11,24.0,2880,1800
24990000,150U,7,10.0,12.0,1.2,5.4,32,5,4.0,512,1,0.0,3,14.0,60,11,12.0,1920,1200
20390000,i7-1355U,7,10.0,12.0,5.0,5.0,16,4,4.0,512,1,0.0,0,15.6,60,11,12.0,1920,1080
21990000,i5-1335U,7,10.0,12.0,4.6,4.6,16,4,4.0,512,1,0.0,3,14.0,60,11,12.0,1920,1080
42990000,i7-13700HX,7,16.0,24.0,5.0,5.0,32,5,4.0,512,1,8.0,3,16.0,165,11,12.0,2560,1600
22999000,i5-13420H,7,8.0,12.0,4.6,4.6,8,5,4.0,512,1,0.0,3,15.6,144,11,24.0,1920,1080
15290000,i5-1335U,7,10.0,12.0,4.6,4.6,8,4,4.0,256,1,4.0,3,15.0,60,10,12.0,1920,1080
27890000,i7-1355U,7,10.0,12.0,5.0,5.0,32,5,4.0,512,1,0.0,3,16.0,60,10,36.0,1920,1200
24990000,Ryzen 7 7735HS,6,8.0,16.0,3.2,4.75,32,5,5.0,512,1,8.0,3,15.6,144,11,24.0,1920,1080
38990000,i7-13700H,7,14.0,20.0,5.0,5.0,16,5,4.0,512,1,0.0,3,16.0,144,10,24.0,1920,1200
21990000,i5-1340P,7,12.0,16.0,4.6,4.6,64,4,4.0,512,1,0.0,3,14.0,60,10,24.0,1920,1080
27990000,i5-1235U,7,10.0,12.0,4.4,4.4,128,5,4.0,256,1,0.0,1,13.0,120,11,12.0,2880,1920
15490000,i5-12450H,7,8.0,12.0,4.4,4.4,16,5,4.0,512,1,0.0,3,14.0,60,11,36.0,1920,1200
21990000,i7-1355U,7,10.0,12.0,5.0,5.0,32,4,4.0,512,1,0.0,3,14.0,60,10,24.0,1920,1200
22390000,i5-1335U,7,10.0,12.0,4.6,4.6,8,5,4.0,256,1,0.0,3,13.3,60,10,12.0,1920,1080
15990000,i5-1335U,7,10.0,12.0,4.6,4.6,16,4,4.0,512,1,0.0,3,14.0,60,11,24.0,1920,1080
23490000,i7-1280P,7,14.0,20.0,4.8,4.8,16,5,4.0,512,1,0.0,3,14.0,60,11,24.0,1920,1200
21990000,i7-1355U,7,10.0,12.0,5.0,5.0,16,4,4.0,512,1,0.0,3,15.0,60,11,12.0,1920,1080
20990000,i5-1335U,7,10.0,12.0,4.6,4.6,8,4,4.0,512,1,4.0,3,13.3,60,11,12.0,1920,1080
65890000,i9-12900H,7,14.0,20.0,5.0,5.0,64,5,4.0,2048,1,12.0,3,15.6,240,11,24.0,2560,1440
38990000,i7-13700H,7,14.0,20.0,5.0,5.0,32,5,4.0,1024,1,8.0,3,16.0,165,11,36.0,2560,1600
26990000,i5-12500,7,6.0,12.0,4.6,4.6,64,5,4.0,512,1,0.0,3,15.6,360,11,24.0,1920,1080
8690000,i3-1215U,7,6.0,8.0,4.4,4.4,32,4,4.0,256,1,0.0,2,15.6,60,11,12.0,1920,1080
58990000,i9-13900,7,24.0,32.0,1.5,5.2,16,5,4.0,512,1,0.0,1,15.6,60,10,36.0,1920,1080
22990000,i7-1255U,7,10.0,12.0,4.7,4.7,8,4,4.0,512,1,0.0,3,15.6,60,11,12.0,1920,1080
13526000,i3-1315U,7,6.0,8.0,4.5,4.5,16,4,4.0,512,1,0.0,3,15.6,60,11,24.0,1920,1080
19990000,i5-12450H,7,8.0,12.0,4.4,4.4,16,4,4.0,512,1,0.0,1,16.0,60,10,12.0,1920,1080
16390000,i3-1315U,7,6.0,8.0,4.5,4.5,8,4,4.0,256,1,0.0,3,14.0,60,11,12.0,1920,1080
27990000,i5-1235U,7,10.0,12.0,4.4,4.4,128,5,4.0,256,1,0.0,1,13.0,120,11,28.0,2880,1920
24990000,Ryzen 7 6800H,6,8.0,16.0,3.2,4.7,16,5,5.0,512,1,0.0,3,15.6,120,11,24.0,1920,1080
67490000,i7-1365U,7,10.0,12.0,5.2,5.2,16,5,4.0,512,1,0.0,3,14.0,60,10,36.0,2560,1600
12990000,i5-12450H,7,8.0,12.0,4.4,4.4,32,4,4.0,512,1,0.0,3,15.6,60,11,12.0,1920,1080
20990000,i5-13420H,7,8.0,12.0,4.6,4.6,16,5,4.0,512,1,0.0,3,15.6,144,11,24.0,1920,1080
41990000,i7-1355U,7,10.0,12.0,5.0,5.0,32,5,4.0,2048,1,0.0,3,13.3,60,11,36.0,1920,1200
15390000,i5-1335U,7,10.0,12.0,4.6,4.6,16,5,4.0,512,1,0.0,3,14.0,60,11,12.0,1920,1200
52690000,i7-1360P,7,12.0,16.0,5.0,5.0,16,5,4.0,512,1,0.0,3,13.0,60,10,36.0,2160,1350
34990000,i5-12500,7,6.0,12.0,4.6,4.6,16,5,4.0,1024,1,0.0,1,14.0,90,11,24.0,2880,1800
8999000,i3-1115G4,10,2.0,4.0,1.7,4.1,8,4,4.0,256,1,0.0,1,14.0,60,11,24.0,1920,1080
149990000,i9-13980HX,7,24.0,32.0,5.6,5.6,128,5,4.0,128,1,24.0,3,17.3,144,11,24.0,3840,2160
20290000,i7-13620H,7,10.0,16.0,4.9,4.9,16,5,4.0,512,1,0.0,3,15.6,60,11,12.0,1920,1080
55990000,i7-1360P,7,12.0,16.0,5.0,5.0,16,5,4.0,512,1,0.0,1,13.4,60,11,12.0,3456,2160
42990000,i7-1360P,7,12.0,16.0,5.0,5.0,16,5,4.0,512,1,0.0,3,16.0,144,11,12.0,2560,1600
47990000,i7-13700H,7,14.0,20.0,5.0,5.0,64,5,4.0,512,1,12.0,0,17.3,240,11,24.0,2560,1440
16590000,i3-1315U,7,6.0,8.0,4.5,4.5,8,4,4.0,256,1,0.0,3,14.0,60,10,12.0,1920,1080
15900000,i5-1235U,7,10.0,12.0,4.4,4.4,8,4,4.0,512,1,0.0,3,14.0,60,11,12.0,1920,1080
22490000,i5-1335U,7,10.0,12.0,4.6,4.6,16,4,4.0,512,1,0.0,3,14.0,60,11,12.0,1920,1080
37990000,i7-13700H,7,14.0,20.0,5.0,5.0,64,5,4.0,1024,1,8.0,1,15.6,165,11,24.0,2560,1440
19790000,i7-1355U,7,10.0,12.0,5.0,5.0,16,5,4.0,1024,1,0.0,3,15.6,60,11,12.0,1920,1080
9890000,i3-1315U,7,6.0,8.0,4.5,4.5,16,4,4.0,512,1,0.0,3,14.0,60,10,24.0,1920,1080
27990000,i5-1235U,7,10.0,12.0,4.4,4.4,128,5,4.0,256,1,0.0,1,13.0,120,11,12.0,2880,1920
22990000,i7-13700H,7,14.0,20.0,5.0,5.0,64,5,4.0,512,1,0.0,3,14.0,60,11,24.0,1920,1200
30390000,i5-1335U,7,10.0,12.0,4.6,4.6,8,5,4.0,256,1,0.0,3,14.0,60,10,36.0,1920,1200
39990000,i7-12700H,7,14.0,20.0,4.7,4.7,64,5,4.0,1024,1,8.0,3,17.3,120,11,24.0,3840,2160
24190000,i5-1335U,7,10.0,12.0,4.6,4.6,16,4,4.0,512,1,0.0,3,15.6,60,11,12.0,1920,1080
68390000,i9-13900H,7,14.0,20.0,5.4,5.4,32,5,4.0,1024,1,12.0,3,16.1,60,11,12.0,2560,1440
12990000,i5-1155G7,10,4.0,8.0,1.0,4.5,16,4,4.0,512,1,0.0,3,14.0,60,11,24.0,1920,1080
52990000,i7-1360P,7,12.0,16.0,5.0,5.0,16,5,4.0,1024,1,0.0,3,13.0,60,11,36.0,2160,1350
20690000,i7-1355U,7,10.0,12.0,5.0,5.0,16,4,4.0,512,1,0.0,3,14.0,60,11,12.0,1920,1080
35990000,i7-1260P,7,12.0,16.0,4.7,4.7,32,4,4.0,512,1,0.0,3,16.0,60,10,36.0,1920,1200
91990000,i9-12900H,7,14.0,20.0,5.0,5.0,64,5,4.0,2048,1,12.0,1,17.3,120,11,24.0,1920,1080
101990000,i9-12900H,7,14.0,20.0,5.0,5.0,32,5,4.0,2048,1,12.0,2,16.0,240,11,12.0,2560,1600
20990000,i7-1255U,7,10.0,12.0,4.7,4.7,8,4,4.0,256,1,0.0,1,14.0,60,10,36.0,1920,1080
23690000,i5-12500,7,6.0,12.0,4.6,4.6,64,4,4.0,512,1,0.0,3,15.6,144,11,24.0,1920,1080
127990000,i9-13900H,7,14.0,20.0,5.4,5.4,32,5,4.0,1024,1,16.0,2,18.0,240,11,12.0,2560,1600
37354000,i5-1340P,7,12.0,16.0,4.6,4.6,16,5,4.0,512,1,0.0,3,16.0,60,10,36.0,1920,1200
42990000,i7-1355U,7,10.0,12.0,5.0,5.0,16,5,4.0,512,1,0.0,3,13.3,60,11,36.0,1920,1200
28490000,i7-1355U,7,10.0,12.0,5.0,5.0,16,4,4.0,512,1,0.0,3,15.6,60,11,12.0,1920,1080
27590000,i7-1355U,7,10.0,12.0,5.0,5.0,8,4,4.0,256,1,0.0,3,14.0,60,10,36.0,1920,1080
55990000,i9-13905H,7,14.0,20.0,5.4,5.4,32,5,4.0,1024,1,8.0,0,14.5,165,11,36.0,3072,1920
22590000,i7-1355U,7,10.0,12.0,5.0,5.0,32,4,4.0,512,1,0.0,3,16.0,60,10,24.0,1920,1200
46990000,i5-1335U,7,10.0,12.0,4.6,4.6,16,5,4.0,1024,1,0.0,1,14.0,60,11,36.0,2880,1800
76490000,i7-13800H,7,14.0,20.0,5.2,5.2,16,5,4.0,512,1,0.0,1,16.0,60,10,36.0,1920,1200
17790000,i5-1335U,7,10.0,12.0,4.6,4.6,8,4,4.0,256,1,0.0,3,15.6,60,11,12.0,1920,1080
57690000,i7-13700HX,7,16.0,24.0,5.0,5.0,32,5,4.0,1024,1,12.0,3,16.1,60,11,12.0,2560,1440
63990000,i7-12700H,7,14.0,20.0,4.7,4.7,64,5,4.0,1024,1,8.0,3,17.3,240,11,24.0,2560,1440
23590000,i7-1355U,7,10.0,12.0,5.0,5.0,8,4,4.0,512,1,0.0,3,15.6,60,11,12.0,1920,1080
14990000,i5-1335U,7,10.0,12.0,4.6,4.6,8,4,4.0,512,1,0.0,3,14.0,60,11,24.0,1920,1080
33590000,i5-13500H,7,12.0,16.0,4.7,4.7,24,5,4.0,512,1,0.0,1,15.0,120,11,24.0,2880,1620
34990000,i7-1165G7,10,4.0,8.0,1.2,4.7,16,4,4.0,1024,1,0.0,3,13.0,60,10,36.0,2160,1350
16900000,i5-1335U,7,10.0,12.0,4.6,4.6,16,4,4.0,512,1,0.0,1,15.0,60,11,12.0,1920,1080
51990000,i7-1360P,7,12.0,16.0,5.0,5.0,16,5,4.0,512,1,0.0,3,13.0,60,11,36.0,2160,1350
45990000,i7-9750H,14,6.0,12.0,2.6,4.5,16,4,4.0,1024,1,0.0,3,17.0,60,10,24.0,1920,1200
15990000,i3-1315U,7,6.0,8.0,4.5,4.5,8,4,4.0,256,1,4.0,3,15.0,60,10,12.0,1920,1080
17990000,i5-12450H,7,8.0,12.0,4.4,4.4,16,4,4.0,512,1,0.0,1,16.0,60,10,12.0,1920,1080
48890000,i5-1335U,7,10.0,12.0,4.6,4.6,16,5,4.0,512,1,0.0,3,14.0,60,11,36.0,1920,1200
64990000,i9-12900H,7,14.0,20.0,5.0,5.0,32,5,4.0,1024,1,12.0,1,16.0,60,11,24.0,3840,2400
16990000,i5-1335U,7,10.0,12.0,4.6,4.6,16,4,4.0,512,1,0.0,3,15.6,60,11,24.0,1920,1080
9790000,i3-1215U,7,6.0,8.0,4.4,4.4,32,4,4.0,512,1,0.0,2,15.6,60,11,12.0,1920,1080
14790000,i3-1315U,7,6.0,8.0,4.5,4.5,8,4,4.0,256,1,0.0,3,15.6,60,11,12.0,1920,1080
41002000,i7-1360P,7,12.0,16.0,5.0,5.0,16,5,4.0,512,1,0.0,3,16.0,60,10,36.0,1920,1200
43990000,i7-12700H,7,14.0,20.0,4.7,4.7,64,4,4.0,1024,1,12.0,1,17.3,360,11,24.0,1920,1080
20900000,i5-1335U,7,10.0,12.0,4.6,4.6,32,4,4.0,512,1,0.0,3,16.0,60,10,24.0,1920,1200
28999000,i7-1165G7,10,4.0,8.0,1.2,4.7,16,4,4.0,512,1,0.0,3,14.0,60,10,24.0,1920,1080
13290000,i5-1335U,7,10.0,12.0,4.6,4.6,16,4,4.0,512,1,0.0,3,14.0,60,10,24.0,1920,1080
11990000,Ryzen 7 5700U,7,8.0,16.0,1.8,4.3,8,4,4.0,512,1,0.0,3,15.6,60,11,12.0,1920,1080
36990000,i7-1360P,7,12.0,16.0,5.0,5.0,16,5,4.0,512,1,0.0,3,16.0,60,10,36.0,1920,1200
16890000,i5-13420H,7,8.0,12.0,4.6,4.6,16,5,4.0,512,1,0.0,3,15.6,60,11,12.0,1920,1080
38490000,i7-1360P,7,12.0,16.0,5.0,5.0,32,5,4.0,2048,1,0.0,3,14.0,60,10,36.0,2240,1400
25490000,i7-1255U,7,10.0,12.0,4.7,4.7,64,4,4.0,256,1,0.0,1,14.0,60,10,12.0,1920,1080
16990000,i5-1235U,7,10.0,12.0,4.4,4.4,8,5,4.0,256,1,0.0,3,14.0,60,10,36.0,1920,1200
21990000,i7-1360P,7,12.0,16.0,5.0,5.0,8,4,4.0,512,1,0.0,1,15.6,60,11,24.0,1920,1080
24990000,i5-12500,7,6.0,12.0,4.6,4.6,64,4,4.0,512,1,8.0,3,15.6,144,11,24.0,1920,1080
48990000,i7-1355U,7,10.0,12.0,5.0,5.0,16,4,4.0,1024,1,0.0,3,13.5,60,11,12.0,1920,1280
31490000,i7-13620H,7,10.0,16.0,4.9,4.9,16,4,4.0,512,1,0.0,3,15.0,60,11,12.0,1920,1080
16690000,i5-1335U,7,10.0,12.0,4.6,4.6,8,4,4.0,256,1,0.0,3,14.0,60,11,12.0,1920,1080
15790000,i3-1315U,7,6.0,8.0,4.5,4.5,8,4,4.0,512,1,0.0,3,15.6,60,11,12.0,1920,1080
30390000,i7-13620H,7,10.0,16.0,4.9,4.9,8,4,4.0,512,1,0.0,3,15.0,60,11,12.0,1920,1080
45990000,i7-1355U,7,10.0,12.0,5.0,5.0,16,5,4.0,512,1,0.0,3,14.0,60,11,36.0,1920,1200
14990000,i5-1335U,7,10.0,12.0,4.6,4.6,16,5,4.0,512,1,0.0,3,14.0,60,11,12.0,1920,1200
19290000,i5-1235U,7,10.0,12.0,4.4,4.4,8,4,4.0,512,1,0.0,3,14.0,60,11,12.0,1920,1080
39990000,i5-1235U,7,10.0,12.0,4.4,4.4,128,5,4.0,256,1,0.0,1,13.0,120,11,12.0,2880,1920
51000000,i7-1255U,7,10.0,12.0,4.7,4.7,16,5,4.0,512,1,0.0,1,13.0,120,11,12.0,2880,1920
10990000,i3-1315U,7,6.0,8.0,4.5,4.5,8,5,4.0,512,1,0.0,3,14.0,60,11,12.0,1920,1200
22990000,i5-12500,7,6.0,12.0,4.6,4.6,64,4,4.0,512,1,8.0,3,15.6,144,11,24.0,1920,1080
85990000,i9-13950HX,7,24.0,32.0,5.5,5.5,32,4,4.0,1024,1,0.0,1,16.0,60,11,36.0,1920,1200
28390000,i7-1355U,7,10.0,12.0,5.0,5.0,8,4,4.0,256,1,4.0,3,15.6,60,10,36.0,1920,1080
17015000,Ryzen 5 7530U,7,6.0,12.0,2.0,4.5,16,4,4.0,512,1,0.0,3,15.6,60,11,24.0,1920,1080
71990000,i7-13850HX,7,20.0,28.0,5.3,5.3,16,4,4.0,512,1,0.0,1,16.0,60,10,36.0,1920,1200
39990000,i7-13650HX,7,14.0,20.0,4.9,4.9,16,5,4.0,512,1,8.0,0,16.0,165,11,24.0,2560,1600
59990000,i9-14900,7,24.0,32.0,1.5,5.4,32,5,4.0,512,1,12.0,3,18.0,240,11,24.0,2560,1600
19690000,i5-1335U,7,10.0,12.0,4.6,4.6,32,4,4.0,512,1,0.0,3,14.0,60,10,24.0,1920,1200
37990000,i7-13650HX,7,14.0,20.0,4.9,4.9,16,5,4.0,512,1,0.0,1,15.6,165,11,12.0,1920,1080
52490000,i7-13800H,7,14.0,20.0,5.2,5.2,32,5,4.0,1024,1,0.0,1,15.6,60,11,36.0,1920,1080
14490000,i5-1135G7,10,4.0,8.0,0.9,4.2,8,4,4.0,256,1,0.0,3,15.6,60,11,12.0,1920,1080
25290000,i7-1355U,7,10.0,12.0,5.0,5.0,16,4,4.0,512,1,4.0,1,15.6,60,10,12.0,1920,1080
19999000,165H,7,16.0,22.0,0.9,5.0,32,4,4.0,256,1,0.0,3,15.6,165,11,36.0,1920,1080
39990000,i5-1235U,7,10.0,12.0,4.4,4.4,128,5,4.0,256,1,0.0,1,13.0,120,11,12.0,2880,1920
21990000,i7-1165G7,10,4.0,8.0,1.2,4.7,16,4,4.0,512,1,0.0,3,14.0,60,10,12.0,1920,1080
16190000,i5-1335U,7,10.0,12.0,4.6,4.6,8,4,4.0,512,1,0.0,0,15.6,120,11,12.0,1920,1080
28590000,i7-1360P,7,12.0,16.0,5.0,5.0,16,5,4.0,512,1,4.0,1,16.0,60,11,12.0,1920,1200
28990000,Ryzen 5 7535HS,6,6.0,12.0,3.3,4.55,32,5,5.0,512,1,4.0,3,16.0,165,11,12.0,1920,1200
10990000,i3-1220P,7,10.0,12.0,4.4,4.4,8,4,4.0,256,1,0.0,3,15.0,60,11,24.0,1920,1080
12690000,i3-1315U,7,6.0,8.0,4.5,4.5,8,4,4.0,256,1,0.0,3,14.0,60,11,12.0,1920,1080
19790000,i5-1340P,7,12.0,16.0,4.6,4.6,32,4,4.0,512,1,0.0,3,16.0,60,10,24.0,1920,1200
22390000,i9-13900H,7,14.0,20.0,5.4,5.4,16,4,4.0,512,1,0.0,1,14.0,90,11,24.0,2880,1800
22990000,i7-13700H,7,14.0,20.0,5.0,5.0,16,5,4.0,512,1,0.0,1,14.0,60,11,36.0,1920,1200
23290000,i5-12500,7,6.0,12.0,4.6,4.6,64,4,4.0,512,1,0.0,3,15.6,144,11,24.0,1920,1080
20590000,i5-1335U,7,10.0,12.0,4.6,4.6,32,4,4.0,512,1,0.0,3,15.6,60,11,12.0,1920,1080
97990000,i9-13900H,7,14.0,20.0,5.4,5.4,32,5,4.0,1024,1,0.0,1,16.0,60,11,36.0,1920,1200
13290000,i3-N305,7,8.0,8.0,3.8,3.8,8,5,4.0,512,1,0.0,3,14.0,60,11,12.0,1920,1200
98990000,i9-13980HX,7,24.0,32.0,5.6,5.6,64,5,4.0,4096,1,24.0,3,17.3,240,11,24.0,2560,1600
81990000,i7-13700HX,7,16.0,24.0,5.0,5.0,64,5,4.0,2048,1,12.0,3,17.0,165,11,24.0,2560,1600
50990000,i7-1355U,7,10.0,12.0,5.0,5.0,16,5,4.0,1024,1,0.0,3,13.5,60,11,36.0,1920,1280
28590000,i7-1355U,7,10.0,12.0,5.0,5.0,16,4,4.0,512,1,0.0,3,14.0,60,10,12.0,1920,1080
27790000,i7-1360P,7,12.0,16.0,5.0,5.0,32,4,4.0,512,1,0.0,3,16.0,60,11,24.0,1920,1200
32990000,i7-1255U,7,10.0,12.0,4.7,4.7,16,4,4.0,1024,1,0.0,1,13.5,60,11,12.0,3000,2000
13990000,i3-1315U,7,6.0,8.0,4.5,4.5,8,4,4.0,256,1,0.0,3,14.0,60,11,24.0,1920,1200
22990000,i7-12700H,7,14.0,20.0,4.7,4.7,16,5,4.0,512,1,0.0,1,14.0,90,11,36.0,2880,1800
15190000,i5-1335U,7,10.0,12.0,4.6,4.6,16,4,4.0,512,1,0.0,3,14.0,60,11,24.0,1920,1080
19990000,i7-1355U,7,10.0,12.0,5.0,5.0,16,4,4.0,512,1,0.0,3,14.0,60,11,24.0,1920,1080
19990000,i5-1335U,7,10.0,12.0,4.6,4.6,8,4,4.0,256,1,0.0,3,14.0,60,11,12.0,1920,1080
44990000,i7-13800H,7,14.0,20.0,5.2,5.2,16,5,4.0,256,1,0.0,1,15.6,60,10,36.0,1920,1080
102990000,i9-13950HX,7,24.0,32.0,5.5,5.5,64,5,4.0,4096,1,16.0,3,17.0,240,11,24.0,2560,1600
11290000,i3-1315U,7,6.0,8.0,4.5,4.5,16,4,4.0,512,1,0.0,3,14.0,60,10,24.0,1920,1080
48990000,i7-13700HX,7,16.0,24.0,5.0,5.0,32,5,4.0,512,1,12.0,3,16.0,165,11,12.0,2560,1600
11390000,i3-1315U,7,6.0,8.0,4.5,4.5,16,4,4.0,512,1,0.0,3,14.0,60,10,24.0,1920,1080
10990000,i3-1215U,7,6.0,8.0,4.4,4.4,8,4,4.0,256,1,0.0,1,14.0,60,11,12.0,1920,1080
17590000,i7-1255U,7,10.0,12.0,4.7,4.7,32,4,4.0,512,1,0.0,3,14.0,60,11,24.0,1920,1080
12470000,i3-1315U,7,6.0,8.0,4.5,4.5,16,4,4.0,512,1,0.0,3,15.6,60,10,24.0,1920,1080
21790000,i5-1335U,7,10.0,12.0,4.6,4.6,8,4,4.0,512,1,0.0,3,14.0,60,11,12.0,1920,1080
11990000,i3-1215U,7,6.0,8.0,4.4,4.4,8,4,4.0,256,1,8.0,3,14.0,60,11,12.0,1920,1080
17990000,i5-13500H,7,12.0,16.0,4.7,4.7,16,4,4.0,512,1,0.0,1,15.6,60,11,24.0,1920,1080
43990000,i7-13800H,7,14.0,20.0,5.2,5.2,16,5,4.0,512,1,0.0,1,15.6,60,10,36.0,1920,1080
13590000,i5-1335U,7,10.0,12.0,4.6,4.6,16,4,4.0,512,1,0.0,3,15.6,60,10,24.0,1920,1080
81990000,i7-13800H,7,14.0,20.0,5.2,5.2,16,5,4.0,512,1,0.0,1,16.0,60,10,36.0,1920,1200
38990000,i7-1355U,7,10.0,12.0,5.0,5.0,32,5,4.0,1024,1,0.0,1,13.0,60,11,24.0,2880,1800
15590000,i5-1335U,7,10.0,12.0,4.6,4.6,16,4,4.0,512,1,0.0,3,15.6,60,11,24.0,1920,1080
24590000,i7-1355U,7,10.0,12.0,5.0,5.0,8,4,4.0,512,1,4.0,3,13.0,60,11,12.0,1920,1080
49890000,i7-1355U,7,10.0,12.0,5.0,5.0,16,5,4.0,1024,1,0.0,1,14.0,60,11,36.0,2880,1800
12990000,i5-12450H,7,8.0,12.0,4.4,4.4,8,5,4.0,512,1,0.0,3,15.6,60,11,24.0,1920,1080
57490000,i7-1265U,7,10.0,12.0,4.8,4.8,16,5,4.0,512,1,0.0,1,14.0,60,11,12.0,2560,1600
37990000,i5-13500HX,7,14.0,20.0,4.7,4.7,32,5,4.0,512,1,8.0,3,16.0,165,11,12.0,2560,1600
46990000,i9-13900H,7,14.0,20.0,5.4,5.4,24,5,4.0,1024,1,8.0,1,16.0,120,11,24.0,3200,2000
21790000,i5-1335U,7,10.0,12.0,4.6,4.6,8,5,4.0,512,1,4.0,1,16.0,60,11,12.0,1920,1080
22990000,i7-1255U,7,10.0,12.0,4.7,4.7,8,4,4.0,512,1,4.0,3,13.3,60,11,12.0,1920,1080
23990000,i5-1335U,7,10.0,12.0,4.6,4.6,8,4,4.0,256,1,0.0,3,14.0,60,10,36.0,1920,1080
39990000,i5-1235U,7,10.0,12.0,4.4,4.4,16,5,4.0,256,1,0.0,1,13.0,120,11,12.0,2880,1920
77990000,i7-13850HX,7,20.0,28.0,5.3,5.3,32,4,4.0,1024,1,0.0,1,16.0,60,11,36.0,1920,1200
87990000,i9-13950HX,7,24.0,32.0,5.5,5.5,64,5,4.0,2048,1,12.0,3,16.0,120,11,24.0,2560,1600
23990000,i7-1255U,7,10.0,12.0,4.7,4.7,16,4,4.0,512,1,4.0,3,13.3,60,11,12.0,1920,1080
31990000,i5-1250P,7,12.0,16.0,4.4,4.4,8,6,4.0,256,1,0.0,2,14.0,60,10,36.0,1920,1080
54690000,i7-13700H,7,14.0,20.0,5.0,5.0,64,5,4.0,1024,1,8.0,3,14.0,240,11,24.0,2560,1600
42990000,165H,7,16.0,22.0,0.9,5.0,16,5,4.0,1024,1,0.0,3,13.4,165,11,24.0,2560,1600
15990000,i5-1235U,7,10.0,12.0,4.4,4.4,8,4,4.0,256,1,0.0,3,14.0,60,10,36.0,1920,1200
96990000,i9-12900HX,7,16.0,24.0,5.0,5.0,64,5,4.0,2048,1,12.0,1,17.3,120,11,24.0,1920,1080
45990000,i9-13980HX,7,24.0,32.0,5.6,5.6,32,5,4.0,4096,1,8.0,3,16.0,240,11,24.0,2560,1600
23990000,i7-13620H,7,10.0,16.0,4.9,4.9,16,5,4.0,512,1,0.0,1,15.6,144,10,24.0,1920,1080
27990000,i5-1335U,7,10.0,12.0,4.6,4.6,16,5,4.0,512,1,0.0,3,13.3,60,10,36.0,1920,1200
32990000,i7-1355U,7,10.0,12.0,5.0,5.0,16,5,4.0,512,1,0.0,1,13.0,60,11,24.0,2880,1800
23988000,i7-1360P,7,12.0,16.0,5.0,5.0,16,4,4.0,512,1,0.0,3,15.6,60,11,24.0,1920,1080
68990000,i7-12700H,7,14.0,20.0,4.7,4.7,16,5,4.0,2048,1,8.0,2,16.0,240,11,12.0,2560,1600
23990000,i7-1355U,7,10.0,12.0,5.0,5.0,16,4,4.0,512,1,0.0,3,15.0,60,11,12.0,1920,1080
18590000,i5-1335U,7,10.0,12.0,4.6,4.6,8,4,4.0,512,1,0.0,1,15.6,60,11,12.0,1920,1080
55990000,i9-13900H,7,14.0,20.0,5.4,5.4,32,5,4.0,1024,1,0.0,1,14.0,120,11,24.0,2880,1800
12390000,i3-1315U,7,6.0,8.0,4.5,4.5,8,4,4.0,256,1,0.0,3,14.0,60,11,12.0,1920,1080
16990000,i5-1335U,7,10.0,12.0,4.6,4.6,8,4,4.0,512,1,4.0,3,14.0,60,11,24.0,1920,1080
28790000,i5-13500H,7,12.0,16.0,4.7,4.7,16,4,4.0,512,1,0.0,3,15.0,60,11,12.0,1920,1080
18845000,i7-1355U,7,10.0,12.0,5.0,5.0,16,4,4.0,512,1,0.0,3,14.0,60,10,24.0,1920,1080
26290000,Ryzen 7 7840HS,4,8.0,16.0,3.8,5.1,16,5,5.0,512,1,0.0,3,16.1,60,11,12.0,1920,1080
39990000,i5-1235U,7,10.0,12.0,4.4,4.4,128,5,4.0,256,1,0.0,1,13.0,120,11,12.0,2880,1920
22390000,Ryzen 7 7735HS,6,8.0,16.0,3.2,4.75,32,5,5.0,512,1,8.0,1,16.0,165,11,24.0,1920,1200
36990000,i7-1360P,7,12.0,16.0,5.0,5.0,16,5,4.0,512,1,0.0,3,14.0,60,10,36.0,2240,1400
30990000,i7-1355U,7,10.0,12.0,5.0,5.0,16,4,4.0,512,1,0.0,3,14.0,60,10,12.0,1920,1080
22590000,i7-1360P,7,12.0,16.0,5.0,5.0,16,4,4.0,512,1,0.0,3,14.0,60,10,24.0,1920,1080
54990000,i7-9750H,14,6.0,12.0,2.6,4.5,32,4,4.0,6144,1,0.0,3,17.0,60,10,24.0,1920,1200
66990000,i7-13700H,7,14.0,20.0,5.0,5.0,16,5,4.0,512,1,0.0,1,15.6,60,11,12.0,1920,1080
22490000,i7-1255U,7,10.0,12.0,4.7,4.7,8,4,4.0,512,1,0.0,3,14.0,60,11,12.0,1920,1080
16990000,i5-1235U,7,10.0,12.0,4.4,4.4,8,4,4.0,512,1,0.0,3,15.6,60,10,24.0,1920,1080
43990000,i7-1255U,7,10.0,12.0,4.7,4.7,16,5,4.0,512,1,0.0,3,14.0,60,11,36.0,1920,1200
52990000,i7-13700HX,7,16.0,24.0,5.0,5.0,64,5,4.0,2048,1,8.0,3,16.0,240,11,24.0,2560,1600
18690000,i5-1335U,7,10.0,12.0,4.6,4.6,16,4,4.0,512,1,0.0,3,14.0,60,11,12.0,1920,1080
36990000,i7-13700H,7,14.0,20.0,5.0,5.0,32,5,4.0,512,1,0.0,3,16.0,165,11,36.0,2560,1600
21890000,i5-13500H,7,12.0,16.0,4.7,4.7,64,5,4.0,2048,1,0.0,3,16.0,60,11,24.0,1920,1200
27990000,i5-1335U,7,10.0,12.0,4.6,4.6,16,4,4.0,512,1,0.0,3,14.0,60,10,36.0,1920,1080
26590000,Ryzen 5 7640HS,4,6.0,12.0,4.3,5.0,16,5,5.0,512,1,0.0,3,16.1,60,11,12.0,1920,1080
20490000,i5-1335U,7,10.0,12.0,4.6,4.6,16,4,4.0,512,1,0.0,3,14.0,60,11,12.0,1920,1080
21990000,i7-1355U,7,10.0,12.0,5.0,5.0,8,4,4.0,512,1,4.0,3,15.6,60,10,12.0,1920,1080
21990000,i7-1355U,7,10.0,12.0,5.0,5.0,8,4,4.0,512,1,0.0,3,15.6,60,11,12.0,1920,1080
70990000,i9-13980HX,7,24.0,32.0,5.6,5.6,64,5,4.0,2048,1,16.0,3,16.0,240,11,24.0,2560,1600
22290000,i7-13700H,7,14.0,20.0,5.0,5.0,48,4,4.0,512,1,0.0,3,14.0,60,10,24.0,1920,1200
18790000,i5-1335U,7,10.0,12.0,4.6,4.6,8,4,4.0,512,1,0.0,1,15.0,60,11,12.0,1920,1080
32990000,i7-1255U,7,10.0,12.0,4.7,4.7,16,4,4.0,1024,1,0.0,1,13.3,60,11,24.0,1920,1080
33490000,i5-1335U,7,10.0,12.0,4.6,4.6,16,5,4.0,512,1,0.0,1,13.3,60,10,36.0,1920,1200
47690000,i7-1355U,7,10.0,12.0,5.0,5.0,16,5,4.0,1024,1,0.0,3,14.0,60,11,36.0,1920,1200
25999000,i5-1135G7,10,4.0,8.0,0.9,4.2,16,4,4.0,512,1,0.0,3,14.0,60,10,24.0,1920,1080
45990000,i7-13800H,7,14.0,20.0,5.2,5.2,16,5,4.0,512,1,0.0,1,15.6,60,10,36.0,1920,1080
27990000,i5-12500,7,6.0,12.0,4.6,4.6,64,4,4.0,512,1,12.0,1,17.3,144,11,24.0,1920,1080
19790000,i7-1355U,7,10.0,12.0,5.0,5.0,8,4,4.0,512,1,0.0,3,14.0,60,11,12.0,1920,1080
23674000,i7-1360P,7,12.0,16.0,5.0,5.0,16,4,4.0,512,1,0.0,3,14.0,60,11,24.0,1920,1080
20590000,i5-1240P,7,12.0,16.0,4.4,4.4,8,4,4.0,512,1,0.0,3,14.0,60,11,24.0,1920,1080
68990000,i9-13900H,7,14.0,20.0,5.4,5.4,64,5,4.0,2048,1,12.0,3,16.0,120,11,24.0,3840,2160
23990000,Ryzen 5 6600H,6,6.0,12.0,3.3,4.5,16,5,5.0,512,1,0.0,3,15.6,120,11,24.0,1920,1080
32990000,i7-1255U,7,10.0,12.0,4.7,4.7,16,4,4.0,1024,1,0.0,1,13.3,60,11,24.0,1920,1080
59990000,i7-13700HX,7,16.0,24.0,5.0,5.0,64,5,4.0,2048,1,12.0,3,16.0,240,11,24.0,2560,1600
31990000,i7-12700H,7,14.0,20.0,4.7,4.7,64,4,4.0,1024,1,12.0,1,15.0,165,11,24.0,2560,1440
68990000,i7-13700HX,7,16.0,24.0,5.0,5.0,64,5,4.0,2048,1,8.0,3,16.0,120,11,24.0,2560,1600
37890000,i7-1355U,7,10.0,12.0,5.0,5.0,16,5,4.0,512,1,0.0,1,13.3,60,10,36.0,1920,1200
18990000,i5-12450H,7,8.0,12.0,4.4,4.4,32,4,4.0,512,1,0.0,3,15.0,144,11,12.0,1920,1080
16390000,i3-1315U,7,6.0,8.0,4.5,4.5,8,4,4.0,256,1,0.0,3,14.0,60,11,12.0,1920,1080
20990000,i5-1335U,7,10.0,12.0,4.6,4.6,16,4,4.0,512,1,0.0,3,15.6,60,11,12.0,1920,1080
26990000,i5-1335U,7,10.0,12.0,4.6,4.6,32,5,4.0,512,1,0.0,3,16.0,60,10,36.0,1920,1200
17790000,i5-1335U,7,10.0,12.0,4.6,4.6,8,4,4.0,256,1,0.0,3,15.6,60,11,12.0,1920,1080
117790000,i9-13900H,7,14.0,20.0,5.4,5.4,32,5,4.0,1024,1,16.0,2,16.0,240,11,12.0,2560,1600
55990000,i9-12900HX,7,16.0,24.0,5.0,5.0,64,5,4.0,1024,1,16.0,3,16.0,144,11,24.0,1920,1200
109990000,i9-13980HX,7,24.0,32.0,5.6,5.6,64,5,4.0,512,1,24.0,3,18.0,240,11,24.0,2560,1600
19390000,i5-13500H,7,12.0,16.0,4.7,4.7,16,4,4.0,512,1,0.0,1,14.0,90,11,24.0,2880,1800
19590000,i7-12650H,7,10.0,16.0,4.7,4.7,32,4,4.0,512,1,0.0,3,15.0,60,11,12.0,1920,1080
16990000,i5-1335U,7,10.0,12.0,4.6,4.6,8,4,4.0,512,1,0.0,3,14.0,60,11,24.0,1920,1080
11690000,i3-1215U,7,6.0,8.0,4.4,4.4,8,4,4.0,512,1,0.0,0,14.0,60,11,24.0,1920,1080
77990000,i7-11800H,10,8.0,16.0,1.9,4.6,64,4,4.0,1024,1,12.0,2,16.0,165,10,12.0,2560,1600
42990000,i7-13620H,7,10.0,16.0,4.9,4.9,16,5,4.0,1024,1,8.0,1,15.6,240,11,24.0,2560,1440
14990000,i5-1235U,7,10.0,12.0,4.4,4.4,20,4,4.0,512,1,0.0,3,14.0,60,11,14.0,1920,1080
59990000,i9-13950HX,7,24.0,32.0,5.5,5.5,64,5,4.0,1024,1,16.0,3,16.0,144,11,24.0,1920,1200
19999000,i7-13620H,7,10.0,16.0,4.9,4.9,16,5,4.0,512,1,0.0,1,14.0,60,11,36.0,1920,1200
12690000,i5-12500,7,6.0,12.0,4.6,4.6,16,4,4.0,512,1,0.0,3,15.6,60,11,12.0,1920,1080
