Price,CPU Name,CPU Achitecture,CPU Core,CPU Thread,CPU Cache,CPU Base Clock,CPU Max Clock,CPU Intel,Base Power,Max Power,CPU Gen,RAM,Memory Type,Max DDR Support,Storage,Storage Type,GPU Name,GPU VRAM,GPU Onboard,GPU AMD,GPU NVIDIA,Display Type,Display Size,Display Frequency,OS,Warrant,Display Width,Display Height
21999000,125H,7,14.0,18.0,18,0.7,4.5,1,28,115,5,16,5,5.0,512,1,,0.0,1,0,0,0,16.0,120,11,24.0,2048,1280
26999000,i5-1335U,7,10.0,12.0,12,4.6,4.6,1,15,55,5,48,5,5.0,512,1,,0.0,1,0,0,1,14.0,60,10,36.0,1920,1200
28499000,155H,7,16.0,22.0,24,0.9,4.8,1,28,115,7,32,5,5.0,1024,1,,0.0,1,0,0,1,14.0,60,10,24.0,1920,1200
21999000,i9-13900,7,24.0,32.0,36,1.5,5.2,1,65,219,9,16,4,5.0,512,1,,0.0,1,0,0,1,15.0,60,11,24.0,1920,1080
15999000,i5-1334U,7,10.0,12.0,12,4.6,4.6,1,15,55,5,8,4,5.0,512,1,,0.0,1,0,0,0,15.0,60,11,12.0,1920,1080
23499000,i7-1355U,7,10.0,12.0,12,5.0,5.0,1,15,55,7,32,4,5.0,512,1,,0.0,1,0,0,1,14.0,60,11,12.0,1920,1080
43999000,i7-1355U,7,10.0,12.0,12,5.0,5.0,1,15,55,7,16,5,5.0,512,1,,0.0,1,0,0,1,14.0,60,11,36.0,1920,1200
25999000,155H,7,16.0,22.0,24,0.9,4.8,1,28,115,7,32,5,5.0,512,1,,0.0,1,0,0,0,16.0,120,11,24.0,2048,1280
49999000,i9-13905H,7,14.0,20.0,24,5.4,5.4,1,45,115,9,32,5,5.0,1024,1,4060,8.0,0,0,1,0,14.0,165,11,36.0,3072,1920
18999000,i5-1335U,7,10.0,12.0,12,4.6,4.6,1,15,55,5,8,4,5.0,512,1,,0.0,1,0,0,1,16.0,60,10,24.0,1920,1200
23999000,i5-1335U,7,10.0,12.0,12,4.6,4.6,1,15,55,5,16,4,5.0,512,1,,0.0,1,0,0,1,15.0,60,11,12.0,1920,1080
23990000,i5-1155G7,10,4.0,8.0,8,1.0,4.5,1,12,28,5,64,4,4.0,512,1,,0.0,1,0,0,1,15.0,60,10,12.0,1920,1080
20499000,i5-13500,7,14.0,20.0,24,1.8,4.8,1,65,154,5,48,4,5.0,512,1,,0.0,1,0,0,1,16.0,60,10,24.0,1920,1200
32999000,155H,7,16.0,22.0,24,0.9,4.8,1,28,115,7,32,5,5.0,512,1,,0.0,1,0,0,1,14.0,60,11,24.0,2880,1800
21989000,i5-1135G7,10,4.0,8.0,8,0.9,4.2,1,12,28,5,32,4,4.0,512,1,,0.0,1,0,0,1,14.0,60,10,12.0,1920,1080
22490000,i7-13700,7,16.0,24.0,30,1.5,5.1,1,65,219,7,16,4,5.0,1024,1,,0.0,1,0,0,1,15.0,60,11,24.0,1920,1080
22699000,i9-13900,7,24.0,32.0,36,1.5,5.2,1,65,219,9,16,4,5.0,512,1,,0.0,1,0,0,1,14.0,60,11,24.0,1920,1200
19499000,i7-12650H,7,10.0,16.0,24,4.7,4.7,1,45,115,7,32,4,5.0,512,1,,0.0,1,0,0,1,15.0,60,11,12.0,1920,1080
40999000,i7-1255U,7,10.0,12.0,12,4.7,4.7,1,15,55,7,16,5,5.0,256,1,,0.0,1,0,0,0,13.0,60,11,12.0,1920,1080
21999000,i9-13900,7,24.0,32.0,36,1.5,5.2,1,65,219,9,16,5,5.0,512,1,,0.0,1,0,0,1,15.0,60,11,12.0,1920,1080
18799000,i5-1335U,7,10.0,12.0,12,4.6,4.6,1,15,55,5,8,4,5.0,512,1,,0.0,1,0,0,1,15.0,60,11,12.0,1920,1080
12999000,i7-1255U,7,10.0,12.0,12,4.7,4.7,1,15,55,7,8,4,5.0,512,1,,0.0,1,0,0,1,14.0,60,10,12.0,1920,1080
11999000,i5-1135G7,10,4.0,8.0,8,0.9,4.2,1,12,28,5,16,4,4.0,512,1,,0.0,1,0,0,1,15.0,120,10,12.0,1920,1080
12999000,i5-1235U,7,10.0,12.0,12,4.4,4.4,1,15,55,5,32,4,5.0,512,1,,0.0,1,0,0,0,15.0,60,11,12.0,1920,1080
44990000,i7-13700,7,16.0,24.0,30,1.5,5.1,1,65,219,7,16,5,5.0,1024,1,,0.0,1,0,0,1,16.0,165,11,12.0,2560,1600
27999000,155H,7,16.0,22.0,24,0.9,4.8,1,28,115,7,32,5,5.0,512,1,,0.0,1,0,0,1,14.0,60,10,24.0,1920,1200
22799000,i9-13900,7,24.0,32.0,36,1.5,5.2,1,65,219,9,16,4,5.0,512,1,,0.0,1,0,0,1,14.0,90,11,24.0,2880,1800
21999000,i7-1355U,7,10.0,12.0,12,5.0,5.0,1,15,55,7,16,4,5.0,1024,1,,0.0,1,0,0,1,15.0,120,11,12.0,1920,1080
96999000,i9-13900,7,24.0,32.0,36,1.5,5.2,1,65,219,9,64,5,5.0,1024,1,,0.0,1,0,0,1,16.0,60,11,36.0,1920,1200
11499000,i5-1235U,7,10.0,12.0,12,4.4,4.4,1,15,55,5,16,4,5.0,256,1,,0.0,1,0,0,1,15.0,120,10,12.0,1920,1080
14999000,i5-12450H,7,8.0,12.0,12,4.4,4.4,1,45,95,5,16,5,5.0,1024,1,,0.0,1,0,0,1,15.0,60,11,24.0,1920,1080
35999000,185H,7,16.0,22.0,24,1.8,5.1,1,45,115,9,32,5,5.0,1024,1,,0.0,1,0,0,1,14.0,60,11,24.0,2880,1800
26799000,125H,7,14.0,18.0,18,0.7,4.5,1,28,115,5,16,5,5.0,512,1,,0.0,1,0,0,1,14.0,60,11,24.0,2880,1800
85999000,i9-13950HX,7,24.0,32.0,36,5.5,5.5,1,55,157,9,64,5,5.0,1024,1,,0.0,1,0,0,1,16.0,60,11,36.0,1920,1200
44999000,155H,7,16.0,22.0,24,0.9,4.8,1,28,115,7,16,5,5.0,1024,1,,0.0,1,0,0,1,14.0,120,10,24.0,2880,1800
15990000,i5-1335U,7,10.0,12.0,12,4.6,4.6,1,15,55,5,8,4,5.0,512,1,,0.0,1,0,0,1,14.0,30,11,12.0,1920,1080
22999000,i7-13700,7,16.0,24.0,30,1.5,5.1,1,65,219,7,16,5,5.0,512,1,,0.0,1,0,0,1,14.0,60,11,36.0,1920,1200
18999000,i5-1335U,7,10.0,12.0,12,4.6,4.6,1,15,55,5,16,4,5.0,512,1,,0.0,1,0,0,1,16.0,60,10,24.0,1920,1200
23499000,125H,7,14.0,18.0,18,0.7,4.5,1,28,115,5,32,5,5.0,512,1,,0.0,1,0,0,1,14.0,120,11,12.0,2560,1440
20599000,i5-1335U,7,10.0,12.0,12,4.6,4.6,1,15,55,5,16,4,5.0,512,1,,0.0,1,0,0,1,15.0,60,11,12.0,1920,1080
17999000,i5-1335U,7,10.0,12.0,12,4.6,4.6,1,15,55,5,16,4,5.0,512,1,,0.0,1,0,0,0,15.0,120,11,12.0,1920,1080
26499000,155H,7,16.0,22.0,24,0.9,4.8,1,28,115,7,32,5,5.0,512,1,,0.0,1,0,0,1,14.0,120,11,12.0,2560,1440
17999000,i5-1335U,7,10.0,12.0,12,4.6,4.6,1,15,55,5,16,4,5.0,512,1,,0.0,1,0,0,1,14.0,60,11,12.0,1920,1080
58999000,185H,7,16.0,22.0,24,1.8,5.1,1,45,115,9,32,5,5.0,1024,1,,0.0,1,0,0,1,14.0,120,11,24.0,2880,1800
29499000,i5-1240P,7,12.0,16.0,12,4.4,4.4,1,28,64,5,32,4,5.0,512,1,,0.0,1,0,0,1,14.0,60,10,36.0,2240,1400
15999000,i5-1335U,7,10.0,12.0,12,4.6,4.6,1,15,55,5,8,4,5.0,512,1,,0.0,1,0,0,1,15.0,120,11,12.0,1920,1080
48999000,155H,7,16.0,22.0,24,0.9,4.8,1,28,115,7,16,5,5.0,512,1,,0.0,1,0,0,0,14.0,120,11,24.0,2880,1800
25489000,i5-1135G7,10,4.0,8.0,8,0.9,4.2,1,12,28,5,32,5,4.0,512,1,,0.0,1,0,0,1,14.0,60,10,12.0,1920,1080
16799000,i5-1334U,7,10.0,12.0,12,4.6,4.6,1,15,55,5,16,4,5.0,512,1,,0.0,1,0,0,0,15.0,60,11,12.0,1920,1080
21990000,i7-13700,7,16.0,24.0,30,1.5,5.1,1,65,219,7,16,4,5.0,1024,1,,0.0,1,0,0,1,14.0,60,11,24.0,1920,1080
21499000,i7-1355U,7,10.0,12.0,12,5.0,5.0,1,15,55,7,16,4,5.0,512,1,,0.0,1,0,0,1,15.0,60,11,12.0,1920,1080
21499000,i7-1355U,7,10.0,12.0,12,5.0,5.0,1,15,55,7,16,5,5.0,1024,1,,0.0,1,0,0,1,14.0,60,11,12.0,1920,1200
29499000,i5-1240P,7,12.0,16.0,12,4.4,4.4,1,28,64,5,32,4,5.0,512,1,,0.0,1,0,0,1,16.0,60,10,36.0,1920,1200
51990000,155H,7,16.0,22.0,24,0.9,4.8,1,28,115,7,32,5,5.0,1024,1,4060,8.0,0,0,1,0,14.0,120,10,24.0,2880,1800
19599000,i5-12450H,7,8.0,12.0,12,4.4,4.4,1,45,95,5,64,4,5.0,512,1,,0.0,1,0,0,1,15.0,144,11,24.0,1920,1080
149990000,i9-13980HX,7,24.0,32.0,36,5.6,5.6,1,55,157,9,128,5,5.0,4096,1,4090,24.0,0,0,1,1,17.0,144,11,24.0,3840,2160
51999000,i7-13700,7,16.0,24.0,30,1.5,5.1,1,65,219,7,64,5,5.0,1024,1,4060,8.0,0,0,1,1,14.0,240,11,12.0,2560,1600
26799000,i5-12500,7,6.0,12.0,18,4.6,4.6,1,65,117,5,64,5,5.0,512,1,,0.0,1,0,0,1,15.0,360,11,12.0,1980,1080
149990000,i9-14900,7,24.0,32.0,36,1.5,5.4,1,65,219,9,128,5,5.0,128,1,4090,24.0,0,0,1,1,18.0,120,11,36.0,3840,2400
53499000,i9-14900,7,24.0,32.0,36,1.5,5.4,1,65,219,9,32,5,5.0,1024,1,4070,12.0,0,0,1,1,16.0,240,10,24.0,2560,1600
68990000,i9-12900,7,16.0,24.0,30,1.8,5.0,1,65,202,9,64,4,5.0,2048,1,3070,8.0,0,0,1,1,17.0,165,11,24.0,2560,1440
93999000,185H,7,16.0,22.0,24,1.8,5.1,1,45,115,9,32,5,5.0,2048,1,4080,16.0,0,0,1,1,18.0,120,11,36.0,3840,2400
48999000,i7-13700,7,16.0,24.0,30,1.5,5.1,1,65,219,7,32,5,5.0,512,1,4070,12.0,0,0,1,1,16.0,165,11,12.0,2560,1600
51799000,i7-14700,7,20.0,28.0,33,1.5,5.3,1,65,219,7,32,5,5.0,1024,1,4070,12.0,0,0,1,1,16.0,240,11,12.0,2560,1600
25499000,i5-13500,7,14.0,20.0,24,1.8,4.8,1,65,154,5,64,5,5.0,512,1,4060,8.0,0,0,1,1,15.0,144,11,24.0,1920,1080
52019000,i7-10750H,14,6.0,12.0,12,2.6,5.0,1,35,45,7,16,4,4.0,1024,1,,0.0,1,0,0,1,14.0,60,10,12.0,1920,1080
16499000,i5-13420H,7,8.0,12.0,12,4.6,4.6,1,45,95,5,32,4,5.0,512,1,,0.0,1,0,0,1,15.0,60,11,12.0,1920,1080
135099000,i9-12900,7,16.0,24.0,30,1.8,5.0,1,65,202,9,128,5,5.0,128,1,3080,12.0,0,0,1,1,17.0,120,11,24.0,3840,2160
29799000,i7-13620H,7,10.0,16.0,24,4.9,4.9,1,45,115,7,32,5,5.0,512,1,4060,8.0,0,0,1,1,15.0,144,11,24.0,1920,1080
35999000,i5-13500,7,14.0,20.0,24,1.8,4.8,1,65,154,5,32,5,5.0,512,1,4060,8.0,0,0,1,1,16.0,165,11,12.0,1920,1200
124999000,i9-13980HX,7,24.0,32.0,36,5.6,5.6,1,55,157,9,64,5,5.0,2048,1,4090,24.0,0,0,1,1,16.0,165,11,36.0,3200,2000
52019000,i7-10750H,14,6.0,12.0,12,2.6,5.0,1,35,45,7,16,4,4.0,1024,1,,0.0,1,0,0,1,14.0,60,10,12.0,1920,1080
21999000,i5-13500,7,14.0,20.0,24,1.8,4.8,1,65,154,5,64,4,5.0,512,1,,0.0,1,0,0,1,15.0,144,11,24.0,1920,1080
117999000,i9-14900,7,24.0,32.0,36,1.5,5.4,1,65,219,9,64,5,5.0,2048,1,4090,24.0,0,0,1,1,18.0,240,11,24.0,2560,1600
27799000,i7-13620H,7,10.0,16.0,24,4.9,4.9,1,45,115,7,16,5,5.0,512,1,4060,8.0,0,0,1,1,16.0,165,11,24.0,1920,1200
22490000,i7-12650H,7,10.0,16.0,24,4.7,4.7,1,45,115,7,64,5,5.0,512,1,,0.0,1,0,0,1,15.0,144,11,12.0,1920,1080
74990000,i9-13900,7,24.0,32.0,36,1.5,5.2,1,65,219,9,64,5,5.0,2048,1,4070,12.0,0,0,1,1,16.0,120,11,24.0,3840,2160
49990000,155H,7,16.0,22.0,24,0.9,4.8,1,28,115,7,32,5,5.0,1024,1,4060,8.0,0,0,1,1,14.0,120,11,24.0,2880,1800
33999000,i7-13700,7,16.0,24.0,30,1.5,5.1,1,65,219,7,16,5,5.0,512,1,4060,8.0,0,0,1,1,16.0,144,11,12.0,1920,1080
26999000,i7-13620H,7,10.0,16.0,24,4.9,4.9,1,45,115,7,32,5,5.0,512,1,,0.0,1,0,0,1,15.0,144,11,24.0,1920,1080
21999000,i5-13500,7,14.0,20.0,24,1.8,4.8,1,65,154,5,64,5,5.0,512,1,,0.0,1,0,0,1,15.0,144,11,24.0,1920,1080
44999000,i9-13900,7,24.0,32.0,36,1.5,5.2,1,65,219,9,32,5,5.0,1024,1,4060,8.0,0,0,1,1,16.0,165,11,36.0,2560,1600
34999000,165H,7,16.0,22.0,24,0.9,5.0,1,28,115,7,32,5,5.0,512,1,4060,8.0,0,0,1,1,16.0,165,11,36.0,2560,1600
99999000,i9-14900,7,24.0,32.0,36,1.5,5.4,1,65,219,9,64,5,5.0,2048,1,4080,16.0,0,0,1,1,16.0,240,11,24.0,2560,1600
46999000,i9-14900,7,24.0,32.0,36,1.5,5.4,1,65,219,9,32,5,5.0,1024,1,4060,8.0,0,0,1,1,16.0,240,10,24.0,2560,1600
19999000,i5-12450H,7,8.0,12.0,12,4.4,4.4,1,45,95,5,64,4,5.0,512,1,,0.0,1,0,0,1,15.0,144,11,24.0,1920,1080
80299000,i7-10875H,14,8.0,16.0,16,2.3,5.1,1,35,45,7,32,4,4.0,1024,1,2060,12.0,0,0,1,1,15.0,60,10,12.0,3840,2160
56999000,i9-12900,7,16.0,24.0,30,1.8,5.0,1,65,202,9,32,5,5.0,512,1,3060,12.0,0,0,1,0,16.0,60,11,12.0,3840,2400
23999000,i7-13620H,7,10.0,16.0,24,4.9,4.9,1,45,115,7,64,5,5.0,512,1,,0.0,1,0,0,1,15.0,144,11,24.0,1920,1080
39990000,Ryzen 7 8845HS,4,8.0,16.0,24,3.8,5.1,0,35,54,7,64,5,5.0,1024,1,4070,12.0,0,0,1,1,15.0,144,11,24.0,1920,1080
79990000,Ryzen 7 8845HS,4,8.0,16.0,24,3.8,5.1,0,35,54,7,64,5,5.0,2048,1,4070,12.0,0,0,1,1,15.0,144,10,24.0,1920,1080
74999000,185H,7,16.0,22.0,24,1.8,5.1,1,45,115,9,32,5,5.0,1024,1,4070,12.0,0,0,1,0,15.6,240,11,24.0,2560,1440
58999000,i9-12900,7,16.0,24.0,30,1.8,5.0,1,65,202,9,32,5,5.0,512,1,3060,12.0,0,0,1,0,16.0,60,11,12.0,3840,2400
56799000,i9-14900,7,24.0,32.0,36,1.5,5.4,1,65,219,9,32,5,5.0,1024,1,4070,12.0,0,0,1,1,16.0,240,11,12.0,2560,1600
26769000,i7-10750H,14,6.0,12.0,12,2.6,5.0,1,35,45,7,8,4,4.0,512,1,,0.0,1,0,0,1,15.0,144,10,12.0,1920,1080
38999000,i7-13650HX,7,14.0,20.0,24,4.9,4.9,1,55,157,7,64,5,5.0,512,1,4060,8.0,0,0,1,1,16.0,165,10,24.0,2560,1600
59999000,i9-14900,7,24.0,32.0,36,1.5,5.4,1,65,219,9,32,5,5.0,1024,1,4070,12.0,0,0,1,1,18.0,240,11,24.0,2560,1600
63999000,185H,7,16.0,22.0,24,1.8,5.1,1,45,115,9,32,5,5.0,1024,1,4060,8.0,0,0,1,1,16.0,240,11,24.0,2560,1600
38999000,165H,7,16.0,22.0,24,0.9,5.0,1,28,115,7,32,5,5.0,512,1,4060,8.0,0,0,1,1,16.0,165,11,12.0,2560,1600
64990000,185H,7,16.0,22.0,24,1.8,5.1,1,45,115,9,32,5,5.0,2048,1,4070,12.0,0,0,1,1,16.0,240,11,36.0,2560,1600
24799000,i5-13500,7,14.0,20.0,24,1.8,4.8,1,65,154,5,64,5,5.0,512,1,4060,8.0,0,0,1,1,15.0,144,11,24.0,1920,1080
92990000,i9-14900,7,24.0,32.0,36,1.5,5.4,1,65,219,9,32,5,5.0,2048,1,4080,16.0,0,0,1,1,18.0,120,11,36.0,3840,2400
89990000,i9-14900,7,24.0,32.0,36,1.5,5.4,1,65,219,9,32,5,5.0,2048,1,4090,24.0,0,0,1,1,16.0,240,11,36.0,2560,1600
126999000,i9-13900,7,24.0,32.0,36,1.5,5.2,1,65,219,9,32,5,5.0,2048,1,4080,16.0,0,0,1,0,18.0,240,11,12.0,2560,1600
78799000,i9-14900,7,24.0,32.0,36,1.5,5.4,1,65,219,9,32,5,5.0,2048,1,4080,16.0,0,0,1,1,16.0,250,11,12.0,2560,1600
45999000,i7-13700,7,16.0,24.0,30,1.5,5.1,1,65,219,7,64,5,5.0,1024,1,4060,8.0,0,0,1,1,17.0,144,11,12.0,1980,1080
54999000,i7-12700H,7,14.0,20.0,24,4.7,4.7,1,45,115,7,64,4,5.0,2048,1,3070,8.0,0,0,1,1,16.0,165,11,24.0,2560,1440
59999000,i9-12900,7,16.0,24.0,30,1.8,5.0,1,65,202,9,64,5,5.0,2048,1,3080,12.0,0,0,1,1,17.0,240,10,24.0,2560,1440
84990000,i9-13950HX,7,24.0,32.0,36,5.5,5.5,1,55,157,9,64,5,5.0,2048,1,4070,12.0,0,0,1,1,16.0,120,11,24.0,2560,1600
51999000,i9-13900,7,24.0,32.0,36,1.5,5.2,1,65,219,9,32,5,5.0,1024,1,4070,12.0,0,0,1,1,16.0,165,11,36.0,2560,1600
97999000,i9-14900,7,24.0,32.0,36,1.5,5.4,1,65,219,9,32,5,5.0,1024,1,4090,24.0,0,0,1,1,16.0,240,11,24.0,2560,1600
79499000,185H,7,16.0,22.0,24,1.8,5.1,1,45,115,9,32,5,5.0,2048,1,4070,12.0,0,0,1,1,18.0,120,11,36.0,3840,2400
124999000,i9-13900,7,24.0,32.0,36,1.5,5.2,1,65,219,9,32,5,5.0,2048,1,4080,16.0,0,0,1,0,16.0,240,11,12.0,2560,1600
77990000,i9-13900,7,24.0,32.0,36,1.5,5.2,1,65,219,9,64,5,5.0,2048,1,4070,12.0,0,0,1,0,16.0,60,11,24.0,3840,2400
29599000,155H,7,16.0,22.0,24,0.9,4.8,1,28,115,7,16,5,5.0,512,1,,0.0,1,0,0,1,15.0,144,11,24.0,1920,1080
104799000,i9-14900,7,24.0,32.0,36,1.5,5.4,1,65,219,9,32,5,5.0,4096,1,4090,24.0,0,0,1,1,18.0,250,11,12.0,2560,1600
49989000,i7-8750H,14,6.0,12.0,9,1.7,4.1,1,35,45,7,16,4,4.0,256,1,,0.0,1,0,0,1,15.0,60,10,12.0,1920,1080
109999000,i9-13950HX,7,24.0,32.0,36,5.5,5.5,1,55,157,9,64,5,5.0,4096,1,4080,16.0,0,0,1,1,17.0,240,11,24.0,2560,1600
28999000,i7-13700,7,16.0,24.0,30,1.5,5.1,1,65,219,7,16,5,5.0,512,1,,0.0,1,0,0,1,16.0,144,11,12.0,1920,1080
45999000,i9-14900,7,24.0,32.0,36,1.5,5.4,1,65,219,9,32,5,5.0,512,1,4060,8.0,0,0,1,1,16.0,240,11,24.0,2560,1600
20999000,Ryzen 5 6600H,6,6.0,12.0,19,3.3,4.5,0,45,45,5,32,5,5.0,512,1,,0.0,1,0,0,1,15.0,120,11,12.0,1920,1080
32990000,i7-1255U,7,10.0,12.0,12,4.7,4.7,1,15,55,7,16,4,5.0,1024,1,,0.0,1,0,0,0,13.0,60,11,24.0,1920,1080
16490000,i5-1240P,7,12.0,16.0,12,4.4,4.4,1,28,64,5,8,4,5.0,512,1,,0.0,1,0,0,1,15.0,60,11,12.0,1920,1080
24990000,i7-1355U,7,10.0,12.0,12,5.0,5.0,1,15,55,7,16,4,5.0,512,1,,0.0,1,0,0,1,14.0,60,11,12.0,1920,1080
30390000,Ryzen 7 7735HS,6,8.0,16.0,20,3.2,4.75,0,35,54,7,24,5,5.0,512,1,,0.0,1,0,0,1,14.0,144,11,24.0,1920,1200
36990000,i7-13620H,7,10.0,16.0,24,4.9,4.9,1,45,115,7,16,5,5.0,512,1,4070,12.0,0,0,1,1,15.0,144,11,24.0,1920,1080
16990000,i5-1235U,7,10.0,12.0,12,4.4,4.4,1,15,55,5,8,5,5.0,256,1,,0.0,1,0,0,1,14.0,60,10,36.0,1920,1200
26290000,Ryzen 7 7840HS,4,8.0,16.0,24,3.8,5.1,0,35,54,7,16,5,5.0,512,1,,0.0,1,0,0,1,16.0,60,11,12.0,1920,1080
50990000,i7-1355U,7,10.0,12.0,12,5.0,5.0,1,15,55,7,16,5,5.0,1024,1,,0.0,1,0,0,1,13.0,60,11,36.0,1920,1280
43990000,i7-13650HX,7,14.0,20.0,24,4.9,4.9,1,55,157,7,32,5,5.0,512,1,4060,8.0,0,0,1,1,16.0,240,11,24.0,2560,1600
19990000,i5-1335U,7,10.0,12.0,12,4.6,4.6,1,15,55,5,16,4,5.0,512,1,,0.0,1,0,0,0,15.0,120,11,12.0,1920,1080
85990000,i9-13950HX,7,24.0,32.0,36,5.5,5.5,1,55,157,9,32,5,5.0,1024,1,,0.0,1,0,0,0,16.0,60,11,36.0,1920,1200
27990000,i7-1165G7,10,4.0,8.0,12,1.2,4.7,1,12,28,7,16,4,4.0,512,1,,0.0,1,0,0,0,13.0,60,11,24.0,1920,1080
16990000,Ryzen 5 7535HS,6,6.0,12.0,19,3.3,4.55,0,35,54,5,16,5,5.0,512,1,535,4.0,0,1,0,1,15.0,144,11,24.0,1920,1080
16490000,Ryzen 5 7535HS,6,6.0,12.0,19,3.3,4.55,0,35,54,5,32,5,5.0,512,1,535,4.0,0,1,0,1,15.0,144,11,24.0,1920,1080
32990000,i7-13700,7,16.0,24.0,30,1.5,5.1,1,65,219,7,16,5,5.0,512,1,4060,8.0,0,0,1,1,16.0,60,11,12.0,1920,1080
19590000,i7-12650H,7,10.0,16.0,24,4.7,4.7,1,45,115,7,32,4,5.0,512,1,,0.0,1,0,0,1,15.0,60,11,12.0,1920,1080
49890000,i7-1355U,7,10.0,12.0,12,5.0,5.0,1,15,55,7,16,5,5.0,1024,1,,0.0,1,0,0,0,14.0,60,11,36.0,2880,1800
15990000,i5-12450H,7,8.0,12.0,12,4.4,4.4,1,45,95,5,16,5,5.0,1024,1,,0.0,1,0,0,1,16.0,60,11,36.0,1920,1200
114490000,i9-14900HX,7,24.0,32.0,36,1.6,5.8,1,55,157,9,64,5,5.0,512,1,4090,24.0,0,0,1,0,18.0,240,11,24.0,2560,1600
13990000,i3-1315U,7,6.0,8.0,10,4.5,4.5,1,15,55,3,8,4,5.0,256,1,,0.0,1,0,0,1,14.0,60,11,24.0,1920,1200
25590000,i5-13420H,7,8.0,12.0,12,4.6,4.6,1,45,95,5,32,5,5.0,512,1,,0.0,1,0,0,1,15.0,144,11,12.0,1920,1080
9999000,i3-N305,7,8.0,8.0,6,3.8,3.8,1,9,15,3,16,5,4.0,512,1,,0.0,1,0,0,1,14.0,60,11,12.0,1920,1080
48990000,i7-1355U,7,10.0,12.0,12,5.0,5.0,1,15,55,7,16,4,5.0,1024,1,,0.0,1,0,0,1,13.0,60,11,12.0,1920,1280
18590000,i5-13500H,7,12.0,16.0,18,4.7,4.7,1,45,95,5,16,5,5.0,1024,1,,0.0,1,0,0,0,14.0,60,11,36.0,1920,1200
8999000,i3-1115G4,10,2.0,4.0,6,1.7,4.1,1,12,28,3,8,4,4.0,256,1,,0.0,1,0,0,0,14.0,60,11,24.0,1920,1080
10290000,i3-1315U,7,6.0,8.0,10,4.5,4.5,1,15,55,3,8,4,5.0,512,1,,0.0,1,0,0,0,15.0,60,11,24.0,1920,1080
18290000,i5-1135G7,10,4.0,8.0,8,0.9,4.2,1,12,28,5,8,4,4.0,512,1,,0.0,1,0,0,1,14.0,60,10,12.0,2160,1440
22990000,i7-1255U,7,10.0,12.0,12,4.7,4.7,1,15,55,7,8,4,5.0,512,1,,0.0,1,0,0,1,15.0,60,11,12.0,1920,1080
21990000,i9-13900H,7,14.0,20.0,24,5.4,5.4,1,45,115,9,16,5,5.0,512,1,,0.0,1,0,0,1,15.0,60,11,12.0,1920,1080
12990000,i5-12450H,7,8.0,12.0,12,4.4,4.4,1,45,95,5,8,5,5.0,512,1,,0.0,1,0,0,1,15.0,60,11,24.0,1920,1080
31990000,i5-1340P,7,12.0,16.0,12,4.6,4.6,1,28,64,5,16,5,5.0,512,1,,0.0,1,0,0,0,15.0,60,11,27.0,1920,1080
51490000,125H,7,14.0,18.0,18,0.7,4.5,1,28,115,5,16,5,5.0,1024,1,,0.0,1,0,0,0,13.0,60,11,12.0,1920,1200
24590000,i7-1355U,7,10.0,12.0,12,5.0,5.0,1,15,55,7,32,4,5.0,512,1,,0.0,1,0,0,1,15.0,60,11,12.0,1920,1080
28390000,i7-1355U,7,10.0,12.0,12,5.0,5.0,1,15,55,7,8,4,5.0,256,1,540,4.0,0,1,0,1,15.0,60,10,36.0,1920,1080
25490000,i7-1255U,7,10.0,12.0,12,4.7,4.7,1,15,55,7,64,4,5.0,256,1,,0.0,1,0,0,0,14.0,60,10,12.0,1920,1080
17490000,i5-12450H,7,8.0,12.0,12,4.4,4.4,1,45,95,5,64,5,5.0,512,1,,0.0,1,0,0,1,15.0,144,11,24.0,1920,1080
48790000,i5-1145G7,10,4.0,8.0,8,1.1,4.4,1,12,28,5,16,4,4.0,512,1,,0.0,1,0,0,0,13.0,60,10,12.0,2256,1504
37990000,i7-13650HX,7,14.0,20.0,24,4.9,4.9,1,55,157,7,16,5,5.0,512,1,,0.0,1,0,0,0,15.0,165,11,12.0,1920,1080
15590000,i5-1335U,7,10.0,12.0,12,4.6,4.6,1,15,55,5,16,4,5.0,512,1,,0.0,1,0,0,1,15.0,60,11,24.0,1920,1080
47990000,i7-13700,7,16.0,24.0,30,1.5,5.1,1,65,219,7,64,5,5.0,512,1,4070,12.0,0,0,1,0,17.0,240,11,24.0,2560,1440
59990000,i9-14900HX,7,24.0,32.0,36,1.6,5.8,1,55,157,9,32,5,5.0,512,1,4070,12.0,0,0,1,1,18.0,240,11,24.0,2560,1600
15490000,i5-12450H,7,8.0,12.0,12,4.4,4.4,1,45,95,5,16,5,5.0,512,1,,0.0,1,0,0,1,14.0,60,11,36.0,1920,1200
10290000,i3-1215U,7,6.0,8.0,10,4.4,4.4,1,15,55,3,8,4,5.0,256,1,,0.0,1,0,0,1,14.0,60,11,12.0,1920,1080
27790000,i7-13620H,7,10.0,16.0,24,4.9,4.9,1,45,115,7,16,5,5.0,512,1,4060,8.0,0,0,1,0,16.0,165,11,24.0,1920,1080
20990000,i5-1335U,7,10.0,12.0,12,4.6,4.6,1,15,55,5,8,4,5.0,512,1,630,4.0,0,1,0,1,13.0,60,11,12.0,1920,1080
32900000,i5-11500H,10,6.0,12.0,12,2.4,4.6,1,35,45,5,16,4,4.0,512,1,,0.0,1,0,0,0,15.0,60,10,12.0,1920,1080
21399000,i9-13900H,7,14.0,20.0,24,5.4,5.4,1,45,115,9,16,4,5.0,512,1,,0.0,1,0,0,1,14.0,60,11,24.0,1920,1200
21990000,i5-13500H,7,12.0,16.0,18,4.7,4.7,1,45,95,5,16,5,5.0,512,1,,0.0,1,0,0,0,15.0,144,10,24.0,1920,1080
23990000,i7-1355U,7,10.0,12.0,12,5.0,5.0,1,15,55,7,32,4,5.0,512,1,,0.0,1,0,0,1,16.0,60,11,24.0,1920,1200
63990000,185H,7,16.0,22.0,24,1.8,5.1,1,45,115,9,32,5,5.0,1024,1,4060,8.0,0,0,1,0,16.0,240,11,24.0,2560,1600
89900000,Ryzen 9 7945HX,5,16.0,32.0,80,2.5,5.4,0,55,75,9,64,5,5.0,1024,1,4080,16.0,0,0,1,1,16.0,240,11,24.0,2560,1600
20990000,i3-10100,14,4.0,8.0,6,3.6,4.3,1,9,15,3,128,4,4.0,128,1,,0.0,1,0,0,0,10.0,60,11,12.0,1920,1280
19990000,i5-1335U,7,10.0,12.0,12,4.6,4.6,1,15,55,5,32,4,5.0,512,1,,0.0,1,0,0,1,14.0,60,11,24.0,1920,1200
13390000,i5-13420H,7,8.0,12.0,12,4.6,4.6,1,45,95,5,16,4,5.0,512,1,,0.0,1,0,0,1,14.0,60,10,24.0,1920,1080
15990000,i3-1315U,7,6.0,8.0,10,4.5,4.5,1,15,55,3,8,4,5.0,256,1,540,4.0,0,1,0,1,15.0,60,10,12.0,1920,1080
22490000,i7-12650H,7,10.0,16.0,24,4.7,4.7,1,45,115,7,64,5,5.0,512,1,,0.0,1,0,0,1,15.0,144,11,24.0,1920,1080
22990000,i7-13700,7,16.0,24.0,30,1.5,5.1,1,65,219,7,16,5,5.0,512,1,,0.0,1,0,0,0,14.0,60,11,36.0,1920,1200
37990000,i5-13500HX,7,14.0,20.0,24,4.7,4.7,1,55,157,5,32,5,5.0,512,1,4060,8.0,0,0,1,1,16.0,165,11,12.0,2560,1600
117790000,i9-13900H,7,14.0,20.0,24,5.4,5.4,1,45,115,9,32,5,5.0,1024,1,4080,16.0,0,0,1,0,16.0,240,11,12.0,2560,1600
33990000,i5-1340P,7,12.0,16.0,12,4.6,4.6,1,28,64,5,16,5,5.0,512,1,,0.0,1,0,0,1,14.0,60,10,36.0,2240,1400
26990000,i7-1360P,7,12.0,16.0,18,5.0,5.0,1,28,64,7,16,5,5.0,512,1,540,4.0,0,1,0,0,14.0,60,11,24.0,1920,1080
36990000,i7-13700,7,16.0,24.0,30,1.5,5.1,1,65,219,7,32,5,5.0,512,1,,0.0,1,0,0,1,16.0,165,11,12.0,2560,1600
14990000,i3-1315U,7,6.0,8.0,10,4.5,4.5,1,15,55,3,8,4,5.0,256,1,,0.0,1,0,0,1,14.0,60,11,12.0,1920,1080
14490000,i5-1135G7,10,4.0,8.0,8,0.9,4.2,1,12,28,5,8,4,4.0,256,1,,0.0,1,0,0,1,15.0,60,11,12.0,1920,1080
32990000,i5-13500HX,7,14.0,20.0,24,4.7,4.7,1,55,157,5,32,5,5.0,512,1,,0.0,1,0,0,1,16.0,165,11,12.0,2560,1600
12990000,i3-1315U,7,6.0,8.0,10,4.5,4.5,1,15,55,3,8,4,5.0,256,1,,0.0,1,0,0,1,15.0,60,11,12.0,1920,1080
14490000,i5-1335U,7,10.0,12.0,12,4.6,4.6,1,15,55,5,8,4,5.0,512,1,,0.0,1,0,0,1,16.0,60,11,24.0,1920,1200
15190000,i5-1335U,7,10.0,12.0,12,4.6,4.6,1,15,55,5,16,4,5.0,512,1,,0.0,1,0,0,0,14.0,60,11,24.0,1920,1080
23590000,i5-12450HX,7,8.0,12.0,12,4.4,4.4,1,55,157,5,8,5,5.0,512,1,,0.0,1,0,0,1,15.0,144,11,24.0,1920,1080
24990000,i5-12450H,7,8.0,12.0,12,4.4,4.4,1,45,95,5,32,5,5.0,512,1,,0.0,1,0,0,1,15.0,144,11,12.0,1920,1080
11290000,i3-1315U,7,6.0,8.0,10,4.5,4.5,1,15,55,3,16,4,5.0,512,1,,0.0,1,0,0,1,14.0,60,10,24.0,1920,1080
31990000,i7-12700H,7,14.0,20.0,24,4.7,4.7,1,45,115,7,64,4,5.0,1024,1,3060,12.0,0,0,1,0,15.0,165,11,24.0,2560,1440
33990000,i7-1360P,7,12.0,16.0,18,5.0,5.0,1,28,64,7,16,5,5.0,512,1,,0.0,1,0,0,1,16.0,60,11,12.0,2560,1600
38990000,i7-13700,7,16.0,24.0,30,1.5,5.1,1,65,219,7,16,5,5.0,512,1,,0.0,1,0,0,1,16.0,144,10,24.0,1920,1200
10390000,i3-1215U,7,6.0,8.0,10,4.4,4.4,1,15,55,3,8,4,5.0,256,1,,0.0,1,0,0,0,15.0,60,11,12.0,1920,1080
35990000,i7-1355U,7,10.0,12.0,12,5.0,5.0,1,15,55,7,16,5,5.0,512,1,,0.0,1,0,0,1,13.0,60,11,36.0,1920,1200
97990000,i9-13900H,7,14.0,20.0,24,5.4,5.4,1,45,115,9,32,5,5.0,1024,1,,0.0,1,0,0,0,16.0,60,11,36.0,1920,1200
15990000,i5-1235U,7,10.0,12.0,12,4.4,4.4,1,15,55,5,8,4,5.0,512,1,,0.0,1,0,0,1,14.0,60,11,15.0,1920,1080
16990000,i5-1335U,7,10.0,12.0,12,4.6,4.6,1,15,55,5,16,4,5.0,512,1,,0.0,1,0,0,0,14.0,60,11,12.0,1920,1080
23990000,Ryzen 5 6600H,6,6.0,12.0,19,3.3,4.5,0,45,45,5,16,5,5.0,512,1,,0.0,1,0,0,1,15.0,120,11,24.0,1920,1080
19890000,i7-1355U,7,10.0,12.0,12,5.0,5.0,1,15,55,7,16,4,5.0,512,1,,0.0,1,0,0,0,14.0,60,11,12.0,1920,1080
21990000,i9-13900H,7,14.0,20.0,24,5.4,5.4,1,45,115,9,16,4,5.0,512,1,,0.0,1,0,0,0,15.0,60,11,24.0,1920,1080
60990000,Ryzen 9 7945HX,5,16.0,32.0,80,2.5,5.4,0,55,75,9,64,5,5.0,1024,1,4080,16.0,0,0,1,1,17.0,240,11,24.0,2560,1440
25390000,i7-1360P,7,12.0,16.0,18,5.0,5.0,1,28,64,7,64,4,5.0,512,1,,0.0,1,0,0,1,15.0,60,10,24.0,1920,1080
14790000,i3-1315U,7,6.0,8.0,10,4.5,4.5,1,15,55,3,8,4,5.0,256,1,,0.0,1,0,0,1,15.0,60,11,12.0,1920,1080
16490000,i5-13420H,7,8.0,12.0,12,4.6,4.6,1,45,95,5,32,4,5.0,512,1,,0.0,1,0,0,1,15.0,60,11,12.0,1920,1080
28490000,i7-1355U,7,10.0,12.0,12,5.0,5.0,1,15,55,7,16,4,5.0,512,1,,0.0,1,0,0,1,15.0,60,11,12.0,1920,1080
24990000,i5-1340P,7,12.0,16.0,12,4.6,4.6,1,28,64,5,16,5,5.0,512,1,,0.0,1,0,0,0,14.0,90,11,24.0,2880,1800
12470000,i3-1315U,7,6.0,8.0,10,4.5,4.5,1,15,55,3,16,4,5.0,512,1,,0.0,1,0,0,1,15.0,60,10,24.0,1920,1080
22990000,120U,7,10.0,12.0,12,0.9,5.0,1,15,55,5,32,5,5.0,512,1,,0.0,1,0,0,1,14.0,60,11,12.0,1920,1200
21690000,i5-1335U,7,10.0,12.0,12,4.6,4.6,1,15,55,5,8,4,5.0,256,1,,0.0,1,0,0,1,14.0,60,10,12.0,1920,1080
44290000,155H,7,16.0,22.0,24,0.9,4.8,1,28,115,7,16,5,5.0,512,1,,0.0,1,0,0,0,15.0,60,11,12.0,1920,1080
18590000,Ryzen 5 7530U,7,6.0,12.0,19,2.0,4.5,0,15,15,5,16,4,4.0,1024,1,,0.0,1,0,0,1,14.0,60,11,12.0,1920,1080
19990000,i5-12450H,7,8.0,12.0,12,4.4,4.4,1,45,95,5,16,5,5.0,512,1,,0.0,1,0,0,0,16.0,60,10,12.0,1920,1080
33990000,i5-1340P,7,12.0,16.0,12,4.6,4.6,1,28,64,5,16,5,5.0,512,1,,0.0,1,0,0,0,16.0,120,11,12.0,2560,1600
14190000,i5-12450H,7,8.0,12.0,12,4.4,4.4,1,45,95,5,16,5,5.0,1024,1,,0.0,1,0,0,1,14.0,60,11,24.0,1920,1080
29990000,155H,7,16.0,22.0,24,0.9,4.8,1,28,115,7,16,5,5.0,512,1,,0.0,1,0,0,1,15.0,144,11,24.0,1920,1080
23990000,i7-13620H,7,10.0,16.0,24,4.9,4.9,1,45,115,7,32,5,5.0,512,1,,0.0,1,0,0,1,15.0,144,11,12.0,1920,1080
23990000,Ryzen 5 7535HS,6,6.0,12.0,19,3.3,4.55,0,35,54,5,8,5,5.0,512,1,535,4.0,0,1,0,1,15.0,144,11,24.0,1920,1080
36990000,i7-13700,7,16.0,24.0,30,1.5,5.1,1,65,219,7,32,5,5.0,512,1,,0.0,1,0,0,1,16.0,165,11,36.0,2560,1600
8690000,i3-1215U,7,6.0,8.0,10,4.4,4.4,1,15,55,3,32,4,5.0,256,1,,0.0,1,0,0,0,15.0,60,11,12.0,1920,1080
45990000,155H,7,16.0,22.0,24,0.9,4.8,1,28,115,7,16,5,5.0,512,1,,0.0,1,0,0,0,14.0,120,11,24.0,2880,1800
58990000,i9-13900,7,24.0,32.0,36,1.5,5.2,1,65,219,9,16,5,5.0,512,1,,0.0,1,0,0,0,15.0,60,10,36.0,1920,1080
68990000,i7-13700,7,16.0,24.0,30,1.5,5.1,1,65,219,7,64,5,5.0,2048,1,4060,8.0,0,0,1,1,16.0,120,11,24.0,2560,1600
18990000,i5-12450H,7,8.0,12.0,12,4.4,4.4,1,45,95,5,32,4,5.0,512,1,,0.0,1,0,0,1,15.0,60,11,12.0,1920,1080
64990000,i9-12900,7,16.0,24.0,30,1.8,5.0,1,65,202,9,32,5,5.0,1024,1,3060,12.0,0,0,1,0,16.0,60,11,24.0,3840,2400
40890000,i7-1270P,7,12.0,16.0,18,4.8,4.8,1,28,64,7,16,6,5.0,512,1,,0.0,1,0,0,0,14.0,60,10,36.0,1920,1080
14290000,i5-1235U,7,10.0,12.0,12,4.4,4.4,1,15,55,5,8,4,5.0,512,1,,0.0,1,0,0,0,15.0,120,11,12.0,1920,1080
69900000,i7-1185G7,10,4.0,8.0,12,1.2,4.8,1,12,28,7,32,4,4.0,1024,1,,0.0,1,0,0,0,15.0,60,10,12.0,2496,1664
14990000,i3-1315U,7,6.0,8.0,10,4.5,4.5,1,15,55,3,8,4,5.0,256,1,,0.0,1,0,0,1,14.0,60,11,12.0,1920,1080
16990000,i5-1335U,7,10.0,12.0,12,4.6,4.6,1,15,55,5,16,4,5.0,512,1,,0.0,1,0,0,1,15.0,60,11,24.0,1920,1080
8790000,i3-1115G4,10,2.0,4.0,6,1.7,4.1,1,12,28,3,8,4,4.0,256,1,,0.0,1,0,0,0,15.0,60,11,12.0,1920,1080
16990000,i5-12450H,7,8.0,12.0,12,4.4,4.4,1,45,95,5,64,4,5.0,512,1,,0.0,1,0,0,1,15.0,144,11,24.0,1920,1080
39990000,i7-13620H,7,10.0,16.0,24,4.9,4.9,1,45,115,7,64,5,5.0,1024,1,4070,12.0,0,0,1,1,15.0,144,11,24.0,1920,1080
23590000,125H,7,14.0,18.0,18,0.7,4.5,1,28,115,5,16,5,5.0,512,1,,0.0,1,0,0,1,14.0,120,11,12.0,2560,1440
12290000,Ryzen 7 5700U,7,8.0,16.0,12,1.8,4.3,0,10,25,7,16,4,4.0,512,1,,0.0,1,0,0,1,14.0,60,11,12.0,1920,1200
17290000,i7-1355U,7,10.0,12.0,12,5.0,5.0,1,15,55,7,8,4,5.0,512,1,,0.0,1,0,0,0,15.0,60,11,24.0,1920,1080
22990000,i7-1355U,7,10.0,12.0,12,5.0,5.0,1,15,55,7,16,5,5.0,512,1,,0.0,1,0,0,1,14.0,60,11,12.0,1920,1200
28590000,i7-1355U,7,10.0,12.0,12,5.0,5.0,1,15,55,7,16,4,5.0,512,1,,0.0,1,0,0,1,14.0,60,10,12.0,1920,1080
64590000,i9-14900HX,7,24.0,32.0,36,1.6,5.8,1,55,157,9,32,5,5.0,1024,1,4070,12.0,0,0,1,1,16.0,165,11,24.0,3200,2000
78790000,i9-14900HX,7,24.0,32.0,36,1.6,5.8,1,55,157,9,32,5,5.0,1024,1,4080,16.0,0,0,1,1,16.0,250,11,12.0,2560,1600
53990000,i9-14900HX,7,24.0,32.0,36,1.6,5.8,1,55,157,9,64,5,5.0,1024,1,4070,12.0,0,0,1,1,16.0,240,11,24.0,2560,1600
57990000,Ryzen 9 8945HS,4,8.0,16.0,24,4.0,5.2,0,35,54,9,32,5,5.0,1024,1,4060,8.0,0,0,1,0,14.0,120,11,24.0,2880,1800
25990000,125H,7,14.0,18.0,18,0.7,4.5,1,28,115,5,16,5,5.0,1024,1,540,4.0,0,1,0,0,14.0,120,11,24.0,2880,1800
15290000,i5-1235U,7,10.0,12.0,12,4.4,4.4,1,15,55,5,16,4,5.0,512,1,,0.0,1,0,0,0,15.0,60,11,12.0,1920,1080
28990000,150U,7,10.0,12.0,12,1.2,5.4,1,15,55,7,16,5,5.0,1024,1,,0.0,1,0,0,0,14.0,60,11,12.0,2240,1400
37990000,i5-13500HX,7,14.0,20.0,24,4.7,4.7,1,55,157,5,32,5,5.0,512,1,4060,8.0,0,0,1,1,16.0,165,11,12.0,2560,1600
68990000,i7-12700H,7,14.0,20.0,24,4.7,4.7,1,45,115,7,16,5,5.0,2048,1,3070 Ti,8.0,0,0,1,0,16.0,240,11,12.0,2560,1600
54690000,i7-13700,7,16.0,24.0,30,1.5,5.1,1,65,219,7,64,5,5.0,1024,1,4060,8.0,0,0,1,1,14.0,240,11,24.0,2560,1600
15790000,i3-1315U,7,6.0,8.0,10,4.5,4.5,1,15,55,3,8,4,5.0,512,1,,0.0,1,0,0,1,15.0,60,11,12.0,1920,1080
18790000,i5-1335U,7,10.0,12.0,12,4.6,4.6,1,15,55,5,8,4,5.0,512,1,,0.0,1,0,0,1,15.0,60,11,12.0,1920,1080
17990000,i7-1255U,7,10.0,12.0,12,4.7,4.7,1,15,55,7,16,4,5.0,512,1,,0.0,1,0,0,1,15.0,60,11,16.0,1920,1080
21990000,125H,7,14.0,18.0,18,0.7,4.5,1,28,115,5,16,5,5.0,512,1,,0.0,1,0,0,0,16.0,120,11,24.0,2048,1280
22390000,i9-13900H,7,14.0,20.0,24,5.4,5.4,1,45,115,9,16,4,5.0,512,1,,0.0,1,0,0,0,14.0,90,11,24.0,2880,1800
43990000,155U,7,12.0,14.0,12,1.2,4.8,1,15,57,7,32,5,5.0,1024,1,,0.0,1,0,0,0,13.0,60,11,24.0,2880,1800
23990000,i5-1335U,7,10.0,12.0,12,4.6,4.6,1,15,55,5,8,4,5.0,256,1,,0.0,1,0,0,1,14.0,60,10,36.0,1920,1080
18190000,i5-1335U,7,10.0,12.0,12,4.6,4.6,1,15,55,5,8,4,5.0,512,1,,0.0,1,0,0,1,15.0,60,11,12.0,1920,1080
21990000,i5-1340P,7,12.0,16.0,12,4.6,4.6,1,28,64,5,16,4,5.0,512,1,,0.0,1,0,0,1,15.0,60,11,12.0,1920,1080
22390000,i5-1335U,7,10.0,12.0,12,4.6,4.6,1,15,55,5,8,5,5.0,256,1,,0.0,1,0,0,1,13.0,60,10,12.0,1920,1080
16990000,i5-1235U,7,10.0,12.0,12,4.4,4.4,1,15,55,5,8,4,5.0,512,1,,0.0,1,0,0,1,15.0,60,10,24.0,1920,1080
25390000,i7-1360P,7,12.0,16.0,18,5.0,5.0,1,28,64,7,64,4,5.0,512,1,,0.0,1,0,0,1,15.0,60,10,24.0,1920,1080
15990000,i5-1235U,7,10.0,12.0,12,4.4,4.4,1,15,55,5,8,4,5.0,512,1,,0.0,1,0,0,1,14.0,60,11,15.0,1920,1080
12990000,i3-1315U,7,6.0,8.0,10,4.5,4.5,1,15,55,3,8,4,5.0,256,1,,0.0,1,0,0,1,15.0,60,11,12.0,1920,1080
16900000,i5-1335U,7,10.0,12.0,12,4.6,4.6,1,15,55,5,16,4,5.0,512,1,,0.0,1,0,0,0,15.0,60,11,12.0,1920,1080
124990000,i9-13980HX,7,24.0,32.0,36,5.6,5.6,1,55,157,9,64,5,5.0,2048,1,4090,24.0,0,0,1,0,16.0,165,11,36.0,3200,2000
15990000,i5-1335U,7,10.0,12.0,12,4.6,4.6,1,15,55,5,16,4,5.0,512,1,,0.0,1,0,0,1,14.0,60,11,24.0,1920,1080
8990000,i3-1215U,7,6.0,8.0,10,4.4,4.4,1,15,55,3,32,4,5.0,512,1,,0.0,1,0,0,0,15.0,60,11,12.0,1920,1080
12290000,i3-1305U,7,5.0,6.0,10,4.5,4.5,1,15,55,3,8,4,5.0,512,1,,0.0,1,0,0,1,14.0,60,11,12.0,1920,1080
32990000,i7-13700,7,16.0,24.0,30,1.5,5.1,1,65,219,7,16,5,5.0,512,1,4060,8.0,0,0,1,1,16.0,60,11,12.0,1920,1080
10890000,i3-1215U,7,6.0,8.0,10,4.4,4.4,1,15,55,3,8,4,5.0,512,1,,0.0,1,0,0,0,15.0,60,11,12.0,1920,1080
20690000,i7-1355U,7,10.0,12.0,12,5.0,5.0,1,15,55,7,16,4,5.0,512,1,,0.0,1,0,0,1,14.0,60,11,12.0,1920,1080
18690000,i5-1335U,7,10.0,12.0,12,4.6,4.6,1,15,55,5,16,4,5.0,512,1,,0.0,1,0,0,1,14.0,60,11,12.0,1920,1080
35990000,185H,7,16.0,22.0,24,1.8,5.1,1,45,115,9,32,5,5.0,1024,1,,0.0,1,0,0,0,14.0,120,11,24.0,2880,1800
23674000,i7-1360P,7,12.0,16.0,18,5.0,5.0,1,28,64,7,16,4,5.0,512,1,,0.0,1,0,0,1,14.0,60,11,24.0,1920,1080
23190000,i5-1340P,7,12.0,16.0,12,4.6,4.6,1,28,64,5,16,5,5.0,512,1,540,4.0,0,1,0,0,14.0,60,11,24.0,1920,1080
15290000,i5-1335U,7,10.0,12.0,12,4.6,4.6,1,15,55,5,8,4,5.0,256,1,540,4.0,0,1,0,1,15.0,60,10,12.0,1920,1080
23590000,i5-13420H,7,8.0,12.0,12,4.6,4.6,1,45,95,5,32,5,5.0,512,1,,0.0,1,0,0,1,15.0,144,11,12.0,1920,1080
13990000,i5-1335U,7,10.0,12.0,12,4.6,4.6,1,15,55,5,8,4,5.0,512,1,,0.0,1,0,0,0,15.0,60,11,24.0,1920,1080
23990000,i7-1355U,7,10.0,12.0,12,5.0,5.0,1,15,55,7,16,4,5.0,512,1,,0.0,1,0,0,1,14.0,60,11,12.0,1920,1080
27990000,i5-1235U,7,10.0,12.0,12,4.4,4.4,1,15,55,5,128,5,5.0,256,1,,0.0,1,0,0,0,13.0,120,11,12.0,2880,1920
20990000,i5-1335U,7,10.0,12.0,12,4.6,4.6,1,15,55,5,16,4,5.0,512,1,,0.0,1,0,0,1,15.0,60,11,12.0,1920,1080
22390000,Ryzen 7 7735HS,6,8.0,16.0,20,3.2,4.75,0,35,54,7,32,5,5.0,512,1,RX 7600,8.0,0,1,0,0,16.0,165,11,24.0,1920,1200
16190000,i5-1334U,7,10.0,12.0,12,4.6,4.6,1,15,55,5,8,4,5.0,512,1,,0.0,1,0,0,0,15.0,60,11,12.0,1920,1080
37990000,i7-1360P,7,12.0,16.0,18,5.0,5.0,1,28,64,7,16,5,5.0,1024,1,,0.0,1,0,0,1,17.0,60,11,12.0,2560,1600
37990000,i7-12700H,7,14.0,20.0,24,4.7,4.7,1,45,115,7,64,4,5.0,1024,1,3070,8.0,0,0,1,1,15.0,165,11,24.0,2560,1440
21990000,i5-1340P,7,12.0,16.0,12,4.6,4.6,1,28,64,5,64,4,5.0,512,1,,0.0,1,0,0,1,14.0,60,10,24.0,1920,1080
38990000,i7-1355U,7,10.0,12.0,12,5.0,5.0,1,15,55,7,32,5,5.0,1024,1,,0.0,1,0,0,0,13.0,60,11,24.0,2880,1800
30390000,i5-1335U,7,10.0,12.0,12,4.6,4.6,1,15,55,5,8,5,5.0,256,1,,0.0,1,0,0,1,14.0,60,10,36.0,1920,1200
30290000,i7-1355U,7,10.0,12.0,12,5.0,5.0,1,15,55,7,16,4,5.0,512,1,,0.0,1,0,0,1,14.0,60,10,12.0,1920,1080
21990000,125H,7,14.0,18.0,18,0.7,4.5,1,28,115,5,16,5,5.0,512,1,,0.0,1,0,0,1,14.0,55,11,12.0,2240,1400
12190000,i3-1305U,7,5.0,6.0,10,4.5,4.5,1,15,55,3,16,4,5.0,512,1,,0.0,1,0,0,0,15.0,120,11,12.0,1920,1080
17990000,i5-12450H,7,8.0,12.0,12,4.4,4.4,1,45,95,5,16,5,5.0,512,1,,0.0,1,0,0,0,16.0,60,10,12.0,1920,1080
12690000,i5-12500H,7,12.0,16.0,18,4.5,4.5,1,45,95,5,16,4,5.0,512,1,,0.0,1,0,0,1,15.0,60,11,12.0,1920,1080
34590000,125H,7,14.0,18.0,18,0.7,4.5,1,28,115,5,16,5,5.0,512,1,,0.0,1,0,0,1,14.0,60,11,12.0,1920,1200
97990000,i9-14900HX,7,24.0,32.0,36,1.6,5.8,1,55,157,9,64,5,5.0,1024,1,4090,24.0,0,0,1,1,16.0,240,11,24.0,2560,1600
15990000,Ryzen 7 7730U,7,8.0,16.0,20,2.0,4.5,0,15,15,7,16,4,4.0,512,1,,0.0,1,0,0,0,15.0,60,11,24.0,1920,1080
31990000,i5-1250P,7,12.0,16.0,12,4.4,4.4,1,28,64,5,8,6,5.0,256,1,,0.0,1,0,0,0,14.0,60,10,36.0,1920,1080
36990000,Ryzen 7 7840HS,4,8.0,16.0,24,3.8,5.1,0,35,54,7,32,5,5.0,512,1,4060,8.0,0,0,1,1,16.0,165,11,12.0,2560,1600
18790000,i5-1335U,7,10.0,12.0,12,4.6,4.6,1,15,55,5,8,4,5.0,512,1,,0.0,1,0,0,0,15.0,60,11,12.0,1920,1080
20590000,i5-1240P,7,12.0,16.0,12,4.4,4.4,1,28,64,5,8,4,5.0,512,1,,0.0,1,0,0,1,14.0,60,11,24.0,1920,1080
15490000,i5-1335U,7,10.0,12.0,12,4.6,4.6,1,15,55,5,8,4,5.0,512,1,,0.0,1,0,0,0,15.0,60,11,24.0,1920,1080
20790000,i5-1335U,7,10.0,12.0,12,4.6,4.6,1,15,55,5,8,4,5.0,512,1,,0.0,1,0,0,1,14.0,60,11,12.0,1920,1080
15490000,Ryzen 5 7530U,7,6.0,12.0,19,2.0,4.5,0,15,15,5,16,4,4.0,512,1,,0.0,1,0,0,1,14.0,60,11,24.0,1920,1200
96990000,i9-12900,7,16.0,24.0,30,1.8,5.0,1,65,202,9,64,5,5.0,2048,1,3080,12.0,0,0,1,0,17.0,120,11,24.0,1920,1080
10790000,i3-1305U,7,5.0,6.0,10,4.5,4.5,1,15,55,3,16,5,5.0,512,1,,0.0,1,0,0,1,15.0,60,11,12.0,1920,1080
18990000,i5-13420H,7,8.0,12.0,12,4.6,4.6,1,45,95,5,32,5,5.0,512,1,,0.0,1,0,0,1,15.0,144,11,12.0,1920,1080
27890000,i7-1355U,7,10.0,12.0,12,5.0,5.0,1,15,55,7,32,5,5.0,512,1,,0.0,1,0,0,1,16.0,60,10,36.0,1920,1200
21790000,i5-1335U,7,10.0,12.0,12,4.6,4.6,1,15,55,5,8,4,5.0,512,1,,0.0,1,0,0,1,14.0,60,11,12.0,1920,1080
19790000,i7-1355U,7,10.0,12.0,12,5.0,5.0,1,15,55,7,16,5,5.0,1024,1,,0.0,1,0,0,1,15.0,60,11,12.0,1920,1080
30990000,i5-1340P,7,12.0,16.0,12,4.6,4.6,1,28,64,5,16,5,5.0,512,1,,0.0,1,0,0,1,16.0,60,10,12.0,2560,1600
21990000,i7-1355U,7,10.0,12.0,12,5.0,5.0,1,15,55,7,16,4,5.0,512,1,,0.0,1,0,0,1,15.0,60,11,12.0,1920,1080
16990000,i5-1335U,7,10.0,12.0,12,4.6,4.6,1,15,55,5,16,4,5.0,512,1,,0.0,1,0,0,1,14.0,60,11,14.0,1920,1080
19790000,i7-1355U,7,10.0,12.0,12,5.0,5.0,1,15,55,7,8,4,5.0,512,1,,0.0,1,0,0,1,14.0,60,11,12.0,1920,1080
21990000,i5-1340P,7,12.0,16.0,12,4.6,4.6,1,28,64,5,16,4,5.0,512,1,,0.0,1,0,0,1,15.0,60,11,12.0,1920,1080
34990000,Ryzen 7 7840HS,4,8.0,16.0,24,3.8,5.1,0,35,54,7,32,5,5.0,512,1,4060,8.0,0,0,1,1,16.0,165,11,36.0,2560,1600
15990000,i5-1335U,7,10.0,12.0,12,4.6,4.6,1,15,55,5,16,4,5.0,512,1,,0.0,1,0,0,0,15.0,120,11,12.0,1920,1080
9990000,i3-N305,7,8.0,8.0,6,3.8,3.8,1,9,15,3,16,5,4.0,512,1,,0.0,1,0,0,1,14.0,60,11,12.0,1920,1080
20790000,i5-1335U,7,10.0,12.0,12,4.6,4.6,1,15,55,5,8,4,5.0,512,1,,0.0,1,0,0,1,14.0,60,11,12.0,1920,1080
16690000,i5-1335U,7,10.0,12.0,12,4.6,4.6,1,15,55,5,8,4,5.0,256,1,,0.0,1,0,0,1,14.0,60,11,12.0,1920,1080
33490000,i5-13500HX,7,14.0,20.0,24,4.7,4.7,1,55,157,5,32,5,5.0,512,1,,0.0,1,0,0,1,16.0,165,11,12.0,2560,1600
41002000,i7-1360P,7,12.0,16.0,18,5.0,5.0,1,28,64,7,16,5,5.0,512,1,,0.0,1,0,0,1,16.0,60,10,36.0,1920,1200
22790000,i7-1355U,7,10.0,12.0,12,5.0,5.0,1,15,55,7,16,4,5.0,512,1,,0.0,1,0,0,1,15.0,60,11,12.0,1920,1080
14990000,i5-13420H,7,8.0,12.0,12,4.6,4.6,1,45,95,5,32,4,5.0,512,1,,0.0,1,0,0,1,15.0,60,11,12.0,1920,1080
20490000,i7-13700,7,16.0,24.0,30,1.5,5.1,1,65,219,7,16,4,5.0,512,1,,0.0,1,0,0,0,15.0,60,11,24.0,1920,1080
35990000,165H,7,16.0,22.0,24,0.9,5.0,1,28,115,7,32,5,5.0,512,1,4060,8.0,0,0,1,1,16.0,165,11,12.0,2560,1600
46990000,i5-1335U,7,10.0,12.0,12,4.6,4.6,1,15,55,5,16,5,5.0,1024,1,,0.0,1,0,0,0,14.0,60,11,36.0,2880,1800
13526000,i3-1315U,7,6.0,8.0,10,4.5,4.5,1,15,55,3,16,4,5.0,512,1,,0.0,1,0,0,1,15.0,60,11,24.0,1920,1080
18190000,i5-1335U,7,10.0,12.0,12,4.6,4.6,1,15,55,5,8,4,5.0,512,1,,0.0,1,0,0,1,15.0,60,11,12.0,1920,1080
28790000,i7-13700,7,16.0,24.0,30,1.5,5.1,1,65,219,7,16,5,5.0,512,1,,0.0,1,0,0,1,16.0,60,11,12.0,1920,1080
15390000,i5-1335U,7,10.0,12.0,12,4.6,4.6,1,15,55,5,16,5,5.0,512,1,,0.0,1,0,0,1,14.0,60,11,12.0,1920,1200
22990000,i9-13900H,7,14.0,20.0,24,5.4,5.4,1,45,115,9,16,4,5.0,512,1,,0.0,1,0,0,1,14.0,60,11,24.0,1920,1200
47690000,i7-1355U,7,10.0,12.0,12,5.0,5.0,1,15,55,7,16,5,5.0,1024,1,,0.0,1,0,0,1,14.0,60,11,36.0,1920,1200
30990000,i7-1360P,7,12.0,16.0,18,5.0,5.0,1,28,64,7,16,5,5.0,1024,1,,0.0,1,0,0,1,17.0,60,11,12.0,2560,1600
24590000,155H,7,16.0,22.0,24,0.9,4.8,1,28,115,7,16,5,5.0,512,1,,0.0,1,0,0,1,14.0,60,11,12.0,2240,1400
21990000,i5-1335U,7,10.0,12.0,12,4.6,4.6,1,15,55,5,16,4,5.0,512,1,,0.0,1,0,0,1,14.0,60,11,12.0,1920,1080
50990000,i7-13700,7,16.0,24.0,30,1.5,5.1,1,65,219,7,32,5,5.0,512,1,4070,12.0,0,0,1,0,16.0,240,11,12.0,2560,1600
38990000,i7-13700,7,16.0,24.0,30,1.5,5.1,1,65,219,7,32,5,5.0,1024,1,4060,8.0,0,0,1,1,16.0,165,11,36.0,2560,1600
17990000,i5-13500H,7,12.0,16.0,18,4.7,4.7,1,45,95,5,64,5,5.0,512,1,,0.0,1,0,0,1,14.0,60,10,24.0,1920,1200
52990000,Ryzen 9 8945HS,4,8.0,16.0,24,4.0,5.2,0,35,54,9,32,5,5.0,512,1,,0.0,1,0,0,0,14.0,120,11,24.0,2880,1800
38490000,i7-1360P,7,12.0,16.0,18,5.0,5.0,1,28,64,7,32,5,5.0,2048,1,,0.0,1,0,0,1,14.0,60,10,36.0,2240,1400
14249000,i3-1305U,7,5.0,6.0,10,4.5,4.5,1,15,55,3,8,4,5.0,512,1,,0.0,1,0,0,0,15.0,120,11,12.0,1920,1080
18190000,i5-1335U,7,10.0,12.0,12,4.6,4.6,1,15,55,5,8,4,5.0,512,1,,0.0,1,0,0,1,15.0,60,11,12.0,1920,1080
20990000,125H,7,14.0,18.0,18,0.7,4.5,1,28,115,5,16,5,5.0,512,1,,0.0,1,0,0,0,14.0,60,10,24.0,1920,1200
98990000,i9-13980HX,7,24.0,32.0,36,5.6,5.6,1,55,157,9,64,5,5.0,4096,1,4090,24.0,0,0,1,1,17.0,240,11,24.0,2560,1600
20990000,125H,7,14.0,18.0,18,0.7,4.5,1,28,115,5,16,5,5.0,512,1,,0.0,1,0,0,1,14.0,55,11,12.0,2240,1400
22490000,i5-1335U,7,10.0,12.0,12,4.6,4.6,1,15,55,5,16,4,5.0,512,1,,0.0,1,0,0,1,14.0,60,11,12.0,1920,1080
16490000,i5-1240P,7,12.0,16.0,12,4.4,4.4,1,28,64,5,8,4,5.0,512,1,,0.0,1,0,0,1,15.0,60,11,12.0,1920,1080
19690000,i5-1335U,7,10.0,12.0,12,4.6,4.6,1,15,55,5,32,4,5.0,512,1,,0.0,1,0,0,1,14.0,60,10,24.0,1920,1200
18990000,i5-12450H,7,8.0,12.0,12,4.4,4.4,1,45,95,5,32,4,5.0,512,1,,0.0,1,0,0,1,15.0,144,11,12.0,1920,1080
32990000,165H,7,16.0,22.0,24,0.9,5.0,1,28,115,7,32,5,5.0,512,1,,0.0,1,0,0,1,16.0,165,11,12.0,2560,1600
68390000,i9-13900H,7,14.0,20.0,24,5.4,5.4,1,45,115,9,32,5,5.0,1024,1,4070,12.0,0,0,1,1,16.0,60,11,12.0,2560,1440
14900000,i5-1235U,7,10.0,12.0,12,4.4,4.4,1,15,55,5,32,4,5.0,256,1,,0.0,1,0,0,0,14.0,60,10,12.0,1920,1080
21990000,i7-12700H,7,14.0,20.0,24,4.7,4.7,1,45,115,7,32,4,5.0,512,1,540,4.0,0,1,0,1,15.0,144,11,12.0,1920,1080
24590000,i7-1355U,7,10.0,12.0,12,5.0,5.0,1,15,55,7,8,4,5.0,512,1,630,4.0,0,1,0,1,13.0,60,11,12.0,1920,1080
16990000,i5-1335U,7,10.0,12.0,12,4.6,4.6,1,15,55,5,8,4,5.0,512,1,610,4.0,0,1,0,1,14.0,60,11,24.0,1920,1080
11990000,Ryzen 7 7730U,7,8.0,16.0,20,2.0,4.5,0,15,15,7,8,4,4.0,512,1,,0.0,1,0,0,1,14.0,60,11,24.0,1920,1080
48990000,i7-13700,7,16.0,24.0,30,1.5,5.1,1,65,219,7,32,5,5.0,512,1,4070,12.0,0,0,1,1,16.0,165,11,12.0,2560,1600
15990000,i5-13420H,7,8.0,12.0,12,4.6,4.6,1,45,95,5,32,4,5.0,512,1,,0.0,1,0,0,1,15.0,60,11,12.0,1920,1080
16990000,i5-1334U,7,10.0,12.0,12,4.6,4.6,1,15,55,5,16,4,5.0,512,1,,0.0,1,0,0,0,15.0,60,11,12.0,1920,1080
28390000,i5-1335U,7,10.0,12.0,12,4.6,4.6,1,15,55,5,16,5,5.0,512,1,,0.0,1,0,0,1,14.0,60,10,36.0,2240,1400
22990000,i7-13700,7,16.0,24.0,30,1.5,5.1,1,65,219,7,16,5,5.0,512,1,,0.0,1,0,0,0,14.0,60,11,36.0,1920,1200
10890000,i3-1215U,7,6.0,8.0,10,4.4,4.4,1,15,55,3,8,4,5.0,512,1,,0.0,1,0,0,0,15.0,60,11,12.0,1920,1080
28990000,i5-1145G7,10,4.0,8.0,8,1.1,4.4,1,12,28,5,8,4,4.0,512,1,,0.0,1,0,0,0,13.0,60,10,12.0,2256,1504
12990000,Ryzen 5 7530U,7,6.0,12.0,19,2.0,4.5,0,15,15,5,8,4,4.0,512,1,,0.0,1,0,0,1,14.0,60,11,36.0,1920,1080
21990000,i7-1355U,7,10.0,12.0,12,5.0,5.0,1,15,55,7,8,4,5.0,512,1,,0.0,1,0,0,1,15.0,60,11,12.0,1920,1080
33990000,165H,7,16.0,22.0,24,0.9,5.0,1,28,115,7,32,5,5.0,512,1,,0.0,1,0,0,1,16.0,165,11,12.0,2560,1600
16590000,i3-1315U,7,6.0,8.0,10,4.5,4.5,1,15,55,3,8,4,5.0,256,1,,0.0,1,0,0,1,14.0,60,10,12.0,1920,1080
42990000,165H,7,16.0,22.0,24,0.9,5.0,1,28,115,7,16,5,5.0,1024,1,,0.0,1,0,0,1,13.0,165,11,24.0,2560,1600
13890000,i5-1235U,7,10.0,12.0,12,4.4,4.4,1,15,55,5,8,4,5.0,512,1,,0.0,1,0,0,1,14.0,60,11,36.0,1920,1080
15990000,i5-1235U,7,10.0,12.0,12,4.4,4.4,1,15,55,5,8,5,5.0,256,1,,0.0,1,0,0,1,14.0,60,10,36.0,1920,1200
42990000,i7-1355U,7,10.0,12.0,12,5.0,5.0,1,15,55,7,16,5,5.0,512,1,,0.0,1,0,0,1,13.0,60,11,36.0,1920,1200
23990000,i7-1355U,7,10.0,12.0,12,5.0,5.0,1,15,55,7,16,4,5.0,512,1,,0.0,1,0,0,1,15.0,60,11,12.0,1920,1080
15490000,i5-1235U,7,10.0,12.0,12,4.4,4.4,1,15,55,5,16,4,5.0,512,1,,0.0,1,0,0,0,15.0,120,11,12.0,1920,1080
10290000,i3-1215U,7,6.0,8.0,10,4.4,4.4,1,15,55,3,8,4,5.0,256,1,,0.0,1,0,0,1,14.0,60,11,12.0,1920,1080
52990000,i7-1185G7,10,4.0,8.0,12,1.2,4.8,1,12,28,7,16,4,4.0,512,1,,0.0,1,0,0,0,15.0,60,10,12.0,2496,1664
38990000,165H,7,16.0,22.0,24,0.9,5.0,1,28,115,7,32,5,5.0,512,1,4060,8.0,0,0,1,1,16.0,165,11,12.0,2560,1600
18990000,i7-1355U,7,10.0,12.0,12,5.0,5.0,1,15,55,7,16,5,5.0,512,1,,0.0,1,0,0,1,15.0,60,11,12.0,1920,1080
19990000,i5-12500H,7,12.0,16.0,18,4.5,4.5,1,45,95,5,16,4,5.0,512,1,,0.0,1,0,0,0,14.0,90,11,24.0,2880,1800
17790000,i5-1335U,7,10.0,12.0,12,4.6,4.6,1,15,55,5,16,4,5.0,512,1,,0.0,1,0,0,0,15.0,120,11,12.0,1920,1080
11990000,Ryzen 7 5700U,7,8.0,16.0,12,1.8,4.3,0,10,25,7,8,4,4.0,512,1,,0.0,1,0,0,1,15.0,60,11,12.0,1920,1080
18950000,i5-1335U,7,10.0,12.0,12,4.6,4.6,1,15,55,5,8,4,5.0,512,1,,0.0,1,0,0,1,14.0,60,11,12.0,1920,1080
87990000,i9-13950HX,7,24.0,32.0,36,5.5,5.5,1,55,157,9,64,5,5.0,2048,1,4070,12.0,0,0,1,1,16.0,120,11,24.0,2560,1600
27490000,i7-1250U,7,10.0,12.0,12,4.7,4.7,1,9,29,7,16,4,5.0,512,1,,0.0,1,0,0,0,13.0,60,11,12.0,2880,1800
18990000,i5-1335U,7,10.0,12.0,12,4.6,4.6,1,15,55,5,8,4,5.0,512,1,,0.0,1,0,0,1,14.0,60,10,12.0,1920,1080
63990000,i7-12700H,7,14.0,20.0,24,4.7,4.7,1,45,115,7,64,5,5.0,1024,1,3070,8.0,0,0,1,1,17.0,240,11,24.0,2560,1440
18490000,i5-13420H,7,8.0,12.0,12,4.6,4.6,1,45,95,5,32,4,5.0,512,1,,0.0,1,0,0,1,15.0,144,11,12.0,1920,1080
34990000,i5-12500H,7,12.0,16.0,18,4.5,4.5,1,45,95,5,16,5,5.0,1024,1,,0.0,1,0,0,0,14.0,90,11,24.0,2880,1800
31490000,i7-13620H,7,10.0,16.0,24,4.9,4.9,1,45,115,7,16,4,5.0,512,1,,0.0,1,0,0,1,15.0,60,11,12.0,1920,1080
47990000,i7-1370P,7,14.0,20.0,24,5.2,5.2,1,28,64,7,32,5,5.0,1024,1,,0.0,1,0,0,1,14.0,60,11,36.0,1920,1080
16890000,i5-11260H,10,6.0,12.0,12,2.1,4.4,1,35,45,5,32,4,4.0,512,1,,0.0,1,0,0,0,15.0,144,11,24.0,1920,1080
26790000,125H,7,14.0,18.0,18,0.7,4.5,1,28,115,5,16,5,5.0,512,1,,0.0,1,0,0,0,14.0,120,11,24.0,2880,1800
28390000,i5-1335U,7,10.0,12.0,12,4.6,4.6,1,15,55,5,16,5,5.0,512,1,,0.0,1,0,0,1,14.0,60,10,36.0,2240,1400
11390000,i3-1315U,7,6.0,8.0,10,4.5,4.5,1,15,55,3,16,4,5.0,512,1,,0.0,1,0,0,1,14.0,60,10,24.0,1920,1080
25990000,i7-1360P,7,12.0,16.0,18,5.0,5.0,1,28,64,7,64,4,5.0,512,1,,0.0,1,0,0,1,14.0,60,10,24.0,1920,1080
12390000,i3-1305U,7,5.0,6.0,10,4.5,4.5,1,15,55,3,8,4,5.0,512,1,,0.0,1,0,0,0,15.0,120,11,12.0,1920,1080
25900000,i7-12700H,7,14.0,20.0,24,4.7,4.7,1,45,115,7,32,4,5.0,512,1,540,4.0,0,1,0,1,15.0,144,11,12.0,1920,1080
25490000,i7-1355U,7,10.0,12.0,12,5.0,5.0,1,15,55,7,16,4,5.0,512,1,630,4.0,0,1,0,1,13.0,60,11,12.0,1920,1080
65890000,i9-12900,7,16.0,24.0,30,1.8,5.0,1,65,202,9,64,5,5.0,2048,1,3080,12.0,0,0,1,1,15.0,240,11,24.0,2560,1440
14990000,i5-12450H,7,8.0,12.0,12,4.4,4.4,1,45,95,5,16,5,5.0,1024,1,,0.0,1,0,0,1,15.0,60,11,24.0,1920,1080
32990000,i7-1355U,7,10.0,12.0,12,5.0,5.0,1,15,55,7,16,5,5.0,512,1,,0.0,1,0,0,0,13.0,60,11,24.0,2880,1800
25990000,i7-1360P,7,12.0,16.0,18,5.0,5.0,1,28,64,7,64,4,5.0,512,1,,0.0,1,0,0,1,14.0,60,10,24.0,1920,1080
52990000,i7-13700,7,16.0,24.0,30,1.5,5.1,1,65,219,7,64,5,5.0,2048,1,4060,8.0,0,0,1,1,16.0,240,11,24.0,2560,1600
23490000,i7-1280P,7,14.0,20.0,24,4.8,4.8,1,28,64,7,16,5,5.0,512,1,,0.0,1,0,0,1,14.0,60,11,24.0,1920,1200
27990000,i5-1335U,7,10.0,12.0,12,4.6,4.6,1,15,55,5,16,4,5.0,512,1,,0.0,1,0,0,1,14.0,60,10,36.0,1920,1080
23990000,i5-1340P,7,12.0,16.0,12,4.6,4.6,1,28,64,5,16,5,5.0,256,1,,0.0,1,0,0,1,14.0,60,11,12.0,1920,1200
19790000,i5-1340P,7,12.0,16.0,12,4.6,4.6,1,28,64,5,32,4,5.0,512,1,,0.0,1,0,0,1,16.0,60,10,24.0,1920,1200
22490000,i7-1255U,7,10.0,12.0,12,4.7,4.7,1,15,55,7,8,4,5.0,512,1,,0.0,1,0,0,1,14.0,60,11,12.0,1920,1080
27990000,i5-1335U,7,10.0,12.0,12,4.6,4.6,1,15,55,5,16,5,5.0,512,1,,0.0,1,0,0,1,13.0,60,10,36.0,1920,1200
31990000,i7-1360P,7,12.0,16.0,18,5.0,5.0,1,28,64,7,16,5,5.0,256,1,,0.0,1,0,0,1,17.0,60,11,12.0,2560,1600
17990000,i5-1335U,7,10.0,12.0,12,4.6,4.6,1,15,55,5,16,4,5.0,512,1,,0.0,1,0,0,0,15.0,120,11,12.0,1920,1080
43990000,i7-13620H,7,10.0,16.0,24,4.9,4.9,1,45,115,7,48,4,5.0,512,1,,0.0,1,0,0,1,16.0,240,11,24.0,2560,1600
43990000,i7-12700H,7,14.0,20.0,24,4.7,4.7,1,45,115,7,64,4,5.0,1024,1,3060,12.0,0,0,1,0,17.0,360,11,24.0,1920,1080
69990000,i9-13900H,7,14.0,20.0,24,5.4,5.4,1,45,115,9,64,5,5.0,2048,1,4070,12.0,0,0,1,0,16.0,60,11,24.0,3840,2400
19990000,i5-12450H,7,8.0,12.0,12,4.4,4.4,1,45,95,5,32,4,5.0,512,1,,0.0,1,0,0,1,15.0,144,11,12.0,1920,1080
23990000,i7-13620H,7,10.0,16.0,24,4.9,4.9,1,45,115,7,16,5,5.0,512,1,,0.0,1,0,0,0,15.0,144,10,24.0,1920,1080
22990000,i5-1135G7,10,4.0,8.0,8,0.9,4.2,1,12,28,5,128,4,4.0,128,1,,0.0,1,0,0,0,12.0,60,10,12.0,1920,1080
18190000,i5-1335U,7,10.0,12.0,12,4.6,4.6,1,15,55,5,8,4,5.0,512,1,,0.0,1,0,0,1,15.0,60,11,12.0,1920,1080
26590000,i7-13700,7,16.0,24.0,30,1.5,5.1,1,65,219,7,16,5,5.0,512,1,,0.0,1,0,0,0,14.0,90,11,12.0,2880,1800
15190000,i5-1335U,7,10.0,12.0,12,4.6,4.6,1,15,55,5,16,4,5.0,512,1,,0.0,1,0,0,1,14.0,60,11,24.0,1920,1080
15790000,i5-1335U,7,10.0,12.0,12,4.6,4.6,1,15,55,5,16,5,5.0,512,1,,0.0,1,0,0,1,14.0,60,11,12.0,1920,1200
23690000,i5-12500H,7,12.0,16.0,18,4.5,4.5,1,45,95,5,64,4,5.0,512,1,,0.0,1,0,0,1,15.0,144,11,24.0,1920,1080
46990000,155H,7,16.0,22.0,24,0.9,4.8,1,28,115,7,16,5,5.0,1024,1,,0.0,1,0,0,1,17.0,60,11,12.0,2560,1600
54990000,i7-9750H,14,6.0,12.0,12,2.6,4.5,1,35,45,7,32,4,4.0,6144,1,,0.0,1,0,0,1,17.0,60,10,24.0,1920,1200
67490000,i7-1365U,7,10.0,12.0,12,5.2,5.2,1,15,55,7,16,5,5.0,512,1,,0.0,1,0,0,1,14.0,60,10,36.0,2560,1600
101990000,i9-12900,7,16.0,24.0,30,1.8,5.0,1,65,202,9,32,5,5.0,2048,1,3080 Ti,12.0,0,0,1,0,16.0,240,11,12.0,2560,1600
12990000,i3-1315U,7,6.0,8.0,10,4.5,4.5,1,15,55,3,8,4,5.0,256,1,,0.0,1,0,0,1,15.0,60,11,12.0,1920,1080
21890000,i5-13500H,7,12.0,16.0,18,4.7,4.7,1,45,95,5,64,5,5.0,2048,1,,0.0,1,0,0,1,16.0,60,11,24.0,1920,1200
14390000,i5-1335U,7,10.0,12.0,12,4.6,4.6,1,15,55,5,8,4,5.0,512,1,,0.0,1,0,0,0,14.0,60,11,24.0,1920,1080
23990000,i5-1335U,7,10.0,12.0,12,4.6,4.6,1,15,55,5,8,4,5.0,512,1,,0.0,1,0,0,1,14.0,60,10,12.0,1920,1080
10290000,i3-1215U,7,6.0,8.0,10,4.4,4.4,1,15,55,3,8,4,5.0,256,1,,0.0,1,0,0,1,14.0,60,11,12.0,1920,1080
24990000,i5-1135G7,10,4.0,8.0,8,0.9,4.2,1,12,28,5,16,4,4.0,512,1,,0.0,1,0,0,0,13.0,60,11,24.0,1920,1080
17990000,i5-12450H,7,8.0,12.0,12,4.4,4.4,1,45,95,5,32,4,5.0,512,1,,0.0,1,0,0,1,15.0,144,11,12.0,1920,1080
22990000,i7-1255U,7,10.0,12.0,12,4.7,4.7,1,15,55,7,8,4,5.0,512,1,630,4.0,0,1,0,1,13.0,60,11,12.0,1920,1080
85990000,i9-12900,7,16.0,24.0,30,1.8,5.0,1,65,202,9,32,5,5.0,512,1,,0.0,1,0,0,0,15.0,60,10,36.0,3840,2400
27990000,i5-1235U,7,10.0,12.0,12,4.4,4.4,1,15,55,5,128,5,5.0,256,1,,0.0,1,0,0,0,13.0,120,11,28.0,2880,1920
26990000,i5-1135G7,10,4.0,8.0,8,0.9,4.2,1,12,28,5,16,4,4.0,512,1,,0.0,1,0,0,0,13.0,60,11,24.0,1920,1080
45990000,i7-13800H,7,14.0,20.0,24,5.2,5.2,1,45,115,7,16,5,5.0,512,1,,0.0,1,0,0,0,15.0,60,10,36.0,1920,1080
28990000,165H,7,16.0,22.0,24,0.9,5.0,1,28,115,7,32,5,5.0,512,1,,0.0,1,0,0,1,16.0,165,11,12.0,1920,1200
17990000,i7-1355U,7,10.0,12.0,12,5.0,5.0,1,15,55,7,16,4,5.0,512,1,,0.0,1,0,0,0,15.0,120,11,12.0,1920,1080
16190000,i5-1334U,7,10.0,12.0,12,4.6,4.6,1,15,55,5,8,4,5.0,512,1,,0.0,1,0,0,0,15.0,60,11,12.0,1920,1080
37990000,i7-13700,7,16.0,24.0,30,1.5,5.1,1,65,219,7,64,5,5.0,1024,1,4060,8.0,0,0,1,0,15.0,165,11,24.0,2560,1440
18990000,i3-10100,14,4.0,8.0,6,3.6,4.3,1,9,15,3,128,4,4.0,128,1,,0.0,1,0,0,0,10.0,60,11,12.0,1920,1280
18845000,i7-1355U,7,10.0,12.0,12,5.0,5.0,1,15,55,7,16,4,5.0,512,1,,0.0,1,0,0,1,14.0,60,10,24.0,1920,1080
25990000,i7-1355U,7,10.0,12.0,12,5.0,5.0,1,15,55,7,16,4,5.0,512,1,630,4.0,0,1,0,1,13.0,60,11,12.0,1920,1080
59990000,i9-13950HX,7,24.0,32.0,36,5.5,5.5,1,55,157,9,64,5,5.0,1024,1,4080,16.0,0,0,1,1,16.0,144,11,24.0,1920,1200
15900000,i5-1235U,7,10.0,12.0,12,4.4,4.4,1,15,55,5,8,4,5.0,512,1,,0.0,1,0,0,1,14.0,60,11,12.0,1920,1080
22999000,i5-13420H,7,8.0,12.0,12,4.6,4.6,1,45,95,5,8,5,5.0,512,1,,0.0,1,0,0,1,15.0,144,11,24.0,1920,1080
32990000,i7-1360P,7,12.0,16.0,18,5.0,5.0,1,28,64,7,16,5,5.0,1024,1,,0.0,1,0,0,1,16.0,60,11,24.0,1920,1080
18690000,i5-1335U,7,10.0,12.0,12,4.6,4.6,1,15,55,5,8,4,5.0,512,1,,0.0,1,0,0,1,14.0,60,11,12.0,1920,1080
14990000,i5-1135G7,10,4.0,8.0,8,0.9,4.2,1,12,28,5,8,4,4.0,256,1,,0.0,1,0,0,1,14.0,60,10,36.0,1920,1080
17490000,i5-13500H,7,12.0,16.0,18,4.7,4.7,1,45,95,5,16,4,5.0,512,1,,0.0,1,0,0,0,14.0,90,11,24.0,2880,1800
17490000,i5-1335U,7,10.0,12.0,12,4.6,4.6,1,15,55,5,8,4,5.0,512,1,,0.0,1,0,0,1,14.0,60,11,12.0,1920,1080
45990000,i7-1355U,7,10.0,12.0,12,5.0,5.0,1,15,55,7,16,5,5.0,512,1,,0.0,1,0,0,1,14.0,60,11,36.0,1920,1200
23590000,i7-1355U,7,10.0,12.0,12,5.0,5.0,1,15,55,7,8,4,5.0,512,1,,0.0,1,0,0,1,15.0,60,11,12.0,1920,1080
16990000,i5-1335U,7,10.0,12.0,12,4.6,4.6,1,15,55,5,64,5,5.0,512,1,,0.0,1,0,0,1,14.0,60,10,24.0,1920,1200
15990000,i5-1335U,7,10.0,12.0,12,4.6,4.6,1,15,55,5,16,4,5.0,512,1,,0.0,1,0,0,0,15.0,120,11,12.0,1920,1080
13990000,i5-1335U,7,10.0,12.0,12,4.6,4.6,1,15,55,5,8,4,5.0,256,1,,0.0,1,0,0,0,14.0,60,11,24.0,1920,1080
17990000,i5-12450H,7,8.0,12.0,12,4.4,4.4,1,45,95,5,32,4,5.0,512,1,,0.0,1,0,0,1,15.0,144,11,12.0,1920,1080
17490000,i5-1335U,7,10.0,12.0,12,4.6,4.6,1,15,55,5,16,4,5.0,512,1,,0.0,1,0,0,1,14.0,60,11,24.0,1920,1080
17490000,i7-1355U,7,10.0,12.0,12,5.0,5.0,1,15,55,7,16,5,5.0,512,1,,0.0,1,0,0,1,15.0,60,11,12.0,1920,1080
11190000,i3-1315U,7,6.0,8.0,10,4.5,4.5,1,15,55,3,8,4,5.0,256,1,,0.0,1,0,0,0,14.0,60,11,24.0,1920,1080
17290000,i5-13500H,7,12.0,16.0,18,4.7,4.7,1,45,95,5,64,5,5.0,512,1,,0.0,1,0,0,1,14.0,60,11,24.0,1920,1200
22990000,i5-13500H,7,12.0,16.0,18,4.7,4.7,1,45,95,5,16,5,5.0,512,1,,0.0,1,0,0,0,14.0,90,11,12.0,2880,1800
16990000,i5-1240P,7,12.0,16.0,12,4.4,4.4,1,28,64,5,16,4,5.0,512,1,,0.0,1,0,0,1,14.0,60,11,12.0,2560,1440
16990000,i5-1335U,7,10.0,12.0,12,4.6,4.6,1,15,55,5,8,4,5.0,512,1,,0.0,1,0,0,0,14.0,60,11,12.0,1920,1080
20590000,i5-1335U,7,10.0,12.0,12,4.6,4.6,1,15,55,5,32,4,5.0,512,1,,0.0,1,0,0,1,15.0,60,11,12.0,1920,1080
17990000,i5-13500H,7,12.0,16.0,18,4.7,4.7,1,45,95,5,16,4,5.0,512,1,,0.0,1,0,0,0,15.0,60,11,24.0,1920,1080
20490000,i7-1355U,7,10.0,12.0,12,5.0,5.0,1,15,55,7,16,4,5.0,512,1,,0.0,1,0,0,0,15.0,120,11,12.0,1920,1080
37890000,i7-1355U,7,10.0,12.0,12,5.0,5.0,1,15,55,7,16,5,5.0,512,1,,0.0,1,0,0,0,13.0,60,10,36.0,1920,1200
71990000,i7-13850HX,7,20.0,28.0,30,5.3,5.3,1,55,157,7,16,5,5.0,512,1,,0.0,1,0,0,0,16.0,60,10,36.0,1920,1200
43990000,i7-1255U,7,10.0,12.0,12,4.7,4.7,1,15,55,7,16,5,5.0,512,1,,0.0,1,0,0,1,14.0,60,11,36.0,1920,1200
29900000,i5-1340P,7,12.0,16.0,12,4.6,4.6,1,28,64,5,16,5,5.0,512,1,,0.0,1,0,0,1,16.0,60,10,12.0,2560,1600
10990000,i3-1220P,7,10.0,12.0,12,4.4,4.4,1,28,64,3,8,4,5.0,256,1,,0.0,1,0,0,1,15.0,60,11,24.0,1920,1080
18990000,i9-13900H,7,14.0,20.0,24,5.4,5.4,1,45,115,9,16,5,5.0,512,1,,0.0,1,0,0,1,15.0,60,11,12.0,1920,1080
18990000,i7-1255U,7,10.0,12.0,12,4.7,4.7,1,15,55,7,32,4,5.0,512,1,,0.0,1,0,0,0,14.0,60,11,24.0,1920,1080
17990000,Ryzen 5 7535HS,6,6.0,12.0,19,3.3,4.55,0,35,54,5,32,5,5.0,512,1,535,4.0,0,1,0,1,15.0,144,11,24.0,1920,1080
76490000,i7-13800H,7,14.0,20.0,24,5.2,5.2,1,45,115,7,16,5,5.0,512,1,,0.0,1,0,0,0,16.0,60,10,36.0,1920,1200
22790000,i7-1355U,7,10.0,12.0,12,5.0,5.0,1,15,55,7,16,4,5.0,512,1,,0.0,1,0,0,1,15.0,60,11,12.0,1920,1080
26590000,i5-13450HX,7,10.0,16.0,20,4.6,4.6,1,55,157,5,32,5,5.0,512,1,,0.0,1,0,0,1,15.0,144,11,24.0,1920,1080
26190000,i7-1355U,7,10.0,12.0,12,5.0,5.0,1,15,55,7,16,4,5.0,512,1,,0.0,1,0,0,1,14.0,60,11,12.0,1920,1080
77990000,i7-13850HX,7,20.0,28.0,30,5.3,5.3,1,55,157,7,32,5,5.0,1024,1,,0.0,1,0,0,0,16.0,60,11,36.0,1920,1200
30990000,i7-13620H,7,10.0,16.0,24,4.9,4.9,1,45,115,7,32,5,5.0,512,1,,0.0,1,0,0,1,15.0,144,11,24.0,1920,1080
12990000,i3-1315U,7,6.0,8.0,10,4.5,4.5,1,15,55,3,8,4,5.0,256,1,,0.0,1,0,0,1,15.0,60,11,12.0,1920,1080
22490000,i7-1355U,7,10.0,12.0,12,5.0,5.0,1,15,55,7,16,6,5.0,512,1,,0.0,1,0,0,0,15.0,120,11,12.0,1920,1080
21590000,i5-1335U,7,10.0,12.0,12,4.6,4.6,1,15,55,5,16,4,5.0,512,1,630,4.0,0,1,0,1,13.0,60,11,12.0,1920,1080
21990000,i5-1335U,7,10.0,12.0,12,4.6,4.6,1,15,55,5,16,4,5.0,512,1,,0.0,1,0,0,1,14.0,60,11,12.0,1920,1080
25990000,125H,7,14.0,18.0,18,0.7,4.5,1,28,115,5,16,5,5.0,1024,1,540,4.0,0,1,0,0,14.0,120,11,24.0,2880,1800
12990000,i5-1235U,7,10.0,12.0,12,4.4,4.4,1,15,55,5,32,4,5.0,512,1,,0.0,1,0,0,0,15.0,60,11,12.0,1920,1080
35990000,i7-1260P,7,12.0,16.0,18,4.7,4.7,1,28,64,7,32,4,5.0,512,1,,0.0,1,0,0,1,14.0,60,10,36.0,2240,1400
33590000,i5-13500H,7,12.0,16.0,18,4.7,4.7,1,45,95,5,24,5,5.0,512,1,,0.0,1,0,0,0,15.0,120,11,24.0,2880,1620
29990000,155H,7,16.0,22.0,24,0.9,4.8,1,28,115,7,32,5,5.0,1024,1,,0.0,1,0,0,0,14.0,60,11,24.0,1920,1200
22490000,i7-13700,7,16.0,24.0,30,1.5,5.1,1,65,219,7,48,4,5.0,512,1,,0.0,1,0,0,1,16.0,60,10,24.0,1920,1200
21590000,i5-13500H,7,12.0,16.0,18,4.7,4.7,1,45,95,5,8,5,5.0,512,1,,0.0,1,0,0,0,15.0,144,11,24.0,1920,1080
33490000,i5-1335U,7,10.0,12.0,12,4.6,4.6,1,15,55,5,16,5,5.0,512,1,,0.0,1,0,0,0,13.0,60,10,36.0,1920,1200
20990000,i5-13420H,7,8.0,12.0,12,4.6,4.6,1,45,95,5,16,5,5.0,512,1,,0.0,1,0,0,1,15.0,144,11,24.0,1920,1080
25490000,i5-13500H,7,12.0,16.0,18,4.7,4.7,1,45,95,5,16,5,5.0,512,1,,0.0,1,0,0,1,14.0,60,11,24.0,1920,1200
19290000,i5-1335U,7,10.0,12.0,12,4.6,4.6,1,15,55,5,16,4,5.0,512,1,,0.0,1,0,0,1,15.0,60,11,12.0,1920,1080
19990000,i5-12450H,7,8.0,12.0,12,4.4,4.4,1,45,95,5,64,4,5.0,512,1,,0.0,1,0,0,1,15.0,144,11,24.0,1920,1080
18990000,i7-1355U,7,10.0,12.0,12,5.0,5.0,1,15,55,7,16,5,5.0,512,1,,0.0,1,0,0,1,14.0,60,11,12.0,1920,1200
51790000,i7-14700HX,7,20.0,28.0,33,1.5,5.5,1,55,157,7,32,5,5.0,1024,1,4070,12.0,0,0,1,1,16.0,240,11,12.0,2560,1600
56790000,i9-14900HX,7,24.0,32.0,36,1.6,5.8,1,55,157,9,32,5,5.0,1024,1,4070,12.0,0,0,1,1,16.0,240,11,12.0,2560,1600
19790000,i5-13500H,7,12.0,16.0,18,4.7,4.7,1,45,95,5,64,5,5.0,512,1,,0.0,1,0,0,1,16.0,60,11,24.0,1920,1200
75990000,185H,7,16.0,22.0,24,1.8,5.1,1,45,115,9,32,5,5.0,1024,1,4070,12.0,0,0,1,0,16.0,240,11,24.0,2560,1600
14990000,Ryzen 7 7730U,7,8.0,16.0,20,2.0,4.5,0,15,15,7,16,4,4.0,512,1,,0.0,1,0,0,1,16.0,60,11,24.0,1920,1200
52990000,i7-1360P,7,12.0,16.0,18,5.0,5.0,1,28,64,7,16,5,5.0,1024,1,,0.0,1,0,0,1,13.0,60,11,36.0,2160,1350
19900000,i5-1335U,7,10.0,12.0,12,4.6,4.6,1,15,55,5,8,4,5.0,256,1,,0.0,1,0,0,1,14.0,60,10,12.0,1920,1080
19999000,i7-13620H,7,10.0,16.0,24,4.9,4.9,1,45,115,7,16,5,5.0,512,1,,0.0,1,0,0,0,14.0,60,11,36.0,1920,1200
66990000,i7-13700,7,16.0,24.0,30,1.5,5.1,1,65,219,7,16,5,5.0,512,1,,0.0,1,0,0,0,15.0,60,11,12.0,1920,1080
75690000,155H,7,16.0,22.0,24,0.9,4.8,1,28,115,7,64,5,5.0,1024,1,,0.0,1,0,0,0,14.0,60,11,12.0,3200,2000
8790000,i3-1115G4,10,2.0,4.0,6,1.7,4.1,1,12,28,3,8,4,4.0,256,1,,0.0,1,0,0,0,15.0,60,11,12.0,1920,1080
24990000,i7-1355U,7,10.0,12.0,12,5.0,5.0,1,15,55,7,16,4,5.0,512,1,,0.0,1,0,0,1,14.0,60,11,12.0,1920,1080
28990000,i5-1340P,7,12.0,16.0,12,4.6,4.6,1,28,64,5,16,5,5.0,512,1,,0.0,1,0,0,0,14.0,90,11,12.0,2560,1600
39999000,i7-13700,7,16.0,24.0,30,1.5,5.1,1,65,219,7,32,5,5.0,1024,1,,0.0,1,0,0,0,14.0,120,11,12.0,2880,1800
20490000,i7-1355U,7,10.0,12.0,12,5.0,5.0,1,15,55,7,16,4,5.0,512,1,,0.0,1,0,0,1,15.0,60,11,24.0,1920,1080
35790000,i5-13500HX,7,14.0,20.0,24,4.7,4.7,1,55,157,5,32,5,5.0,512,1,4060,8.0,0,0,1,1,16.0,165,11,12.0,1920,1200
17990000,i5-12450H,7,8.0,12.0,12,4.4,4.4,1,45,95,5,32,4,5.0,512,1,,0.0,1,0,0,1,15.0,144,11,12.0,1920,1080
31990000,i5-1135G7,10,4.0,8.0,8,0.9,4.2,1,12,28,5,8,4,4.0,256,1,,0.0,1,0,0,0,12.0,60,10,12.0,1920,1080
30390000,i7-13620H,7,10.0,16.0,24,4.9,4.9,1,45,115,7,8,4,5.0,512,1,,0.0,1,0,0,1,15.0,60,11,12.0,1920,1080
16990000,Ryzen 5 6600H,6,6.0,12.0,19,3.3,4.5,0,45,45,5,16,5,5.0,512,1,,0.0,1,0,0,1,15.0,120,11,16.0,1920,1080
16390000,i3-1315U,7,6.0,8.0,10,4.5,4.5,1,15,55,3,8,4,5.0,256,1,,0.0,1,0,0,1,14.0,60,11,12.0,1920,1080
21990000,i7-1165G7,10,4.0,8.0,12,1.2,4.7,1,12,28,7,16,4,4.0,512,1,,0.0,1,0,0,1,14.0,60,10,12.0,1920,1080
22590000,i7-1360P,7,12.0,16.0,18,5.0,5.0,1,28,64,7,16,4,5.0,512,1,,0.0,1,0,0,1,14.0,60,10,24.0,1920,1080
32990000,i7-1355U,7,10.0,12.0,12,5.0,5.0,1,15,55,7,16,5,5.0,512,1,,0.0,1,0,0,1,14.0,60,10,36.0,2240,1400
35990000,i7-1355U,7,10.0,12.0,12,5.0,5.0,1,15,55,7,16,5,5.0,512,1,,0.0,1,0,0,1,14.0,60,11,36.0,2240,1400
20290000,i7-13620H,7,10.0,16.0,24,4.9,4.9,1,45,115,7,16,5,5.0,512,1,,0.0,1,0,0,1,15.0,60,11,12.0,1920,1080
13990000,i5-1235U,7,10.0,12.0,12,4.4,4.4,1,15,55,5,8,4,5.0,512,1,,0.0,1,0,0,0,15.0,120,11,12.0,1920,1080
99999000,i9-14900HX,7,24.0,32.0,36,1.6,5.8,1,55,157,9,64,5,5.0,2048,1,4080,16.0,0,0,1,1,16.0,240,11,24.0,2560,1600
20900000,i5-1335U,7,10.0,12.0,12,4.6,4.6,1,15,55,5,32,4,5.0,512,1,,0.0,1,0,0,1,16.0,60,10,24.0,1920,1200
23990000,i7-1355U,7,10.0,12.0,12,5.0,5.0,1,15,55,7,16,5,5.0,512,1,,0.0,1,0,0,1,14.0,60,11,12.0,1920,1200
18990000,i5-1335U,7,10.0,12.0,12,4.6,4.6,1,15,55,5,32,4,5.0,512,1,,0.0,1,0,0,1,16.0,60,10,24.0,1920,1200
55990000,i9-12900,7,16.0,24.0,30,1.8,5.0,1,65,202,9,64,5,5.0,1024,1,4080,16.0,0,0,1,1,16.0,144,11,24.0,1920,1200
24990000,Ryzen 7 7735HS,6,8.0,16.0,20,3.2,4.75,0,35,54,7,32,5,5.0,512,1,4060,8.0,0,0,1,1,15.0,144,11,24.0,1920,1080
17990000,i7-13620H,7,10.0,16.0,24,4.9,4.9,1,45,115,7,16,5,5.0,1024,1,,0.0,1,0,0,1,15.0,60,11,24.0,1920,1080
27490000,i7-1250U,7,10.0,12.0,12,4.7,4.7,1,9,29,7,16,4,5.0,512,1,,0.0,1,0,0,0,13.0,60,11,12.0,2880,1800
26590000,155H,7,16.0,22.0,24,0.9,4.8,1,28,115,7,16,5,5.0,512,1,,0.0,1,0,0,1,14.0,120,11,12.0,2560,1440
19890000,i7-1355U,7,10.0,12.0,12,5.0,5.0,1,15,55,7,16,4,5.0,512,1,,0.0,1,0,0,0,15.0,60,11,12.0,1920,1080
13790000,Ryzen 5 7530U,7,6.0,12.0,19,2.0,4.5,0,15,15,5,8,4,4.0,512,1,,0.0,1,0,0,0,14.0,90,11,24.0,2880,1800
15990000,i5-12450H,7,8.0,12.0,12,4.4,4.4,1,45,95,5,64,4,5.0,512,1,,0.0,1,0,0,1,15.0,144,11,12.0,1920,1080
32890000,155H,7,16.0,22.0,24,0.9,4.8,1,28,115,7,32,5,5.0,1024,1,,0.0,1,0,0,0,14.0,120,11,24.0,2880,1800
26590000,Ryzen 5 7640HS,4,6.0,12.0,22,4.3,5.0,0,35,54,5,16,5,5.0,512,1,,0.0,1,0,0,1,16.0,60,11,12.0,1920,1080
25999000,i5-1135G7,10,4.0,8.0,8,0.9,4.2,1,12,28,5,16,4,4.0,512,1,,0.0,1,0,0,1,14.0,60,10,24.0,1920,1080
9990000,i3-1220P,7,10.0,12.0,12,4.4,4.4,1,28,64,3,8,4,5.0,512,1,,0.0,1,0,0,1,14.0,60,11,24.0,1920,1200
57490000,i7-1265U,7,10.0,12.0,12,4.8,4.8,1,15,55,7,16,5,5.0,512,1,,0.0,1,0,0,0,14.0,60,11,12.0,2560,1600
18990000,i5-12450H,7,8.0,12.0,12,4.4,4.4,1,45,95,5,32,4,5.0,512,1,,0.0,1,0,0,1,15.0,60,11,12.0,1920,1080
24990000,Ryzen 7 6800H,6,8.0,16.0,20,3.2,4.7,0,45,45,7,16,5,5.0,512,1,,0.0,1,0,0,1,15.0,120,11,24.0,1920,1080
27990000,i7-13700,7,16.0,24.0,30,1.5,5.1,1,65,219,7,48,4,5.0,1024,1,,0.0,1,0,0,1,14.0,60,11,24.0,1920,1200
9890000,i3-1315U,7,6.0,8.0,10,4.5,4.5,1,15,55,3,16,4,5.0,512,1,,0.0,1,0,0,1,14.0,60,10,24.0,1920,1080
20990000,i7-12650H,7,10.0,16.0,24,4.7,4.7,1,45,115,7,32,4,5.0,512,1,,0.0,1,0,0,1,15.0,144,11,12.0,1920,1080
21490000,i5-12450H,7,8.0,12.0,12,4.4,4.4,1,45,95,5,64,4,5.0,512,1,,0.0,1,0,0,1,15.0,144,11,12.0,1920,1080
18990000,i5-1335U,7,10.0,12.0,12,4.6,4.6,1,15,55,5,16,5,5.0,512,1,,0.0,1,0,0,1,14.0,60,11,12.0,1920,1200
23990000,i5-1230U,7,10.0,12.0,12,4.4,4.4,1,9,29,5,16,4,5.0,512,1,,0.0,1,0,0,0,13.0,60,11,12.0,2880,1800
30990000,i7-1165G7,10,4.0,8.0,12,1.2,4.7,1,12,28,7,16,4,4.0,1024,1,610,4.0,0,1,0,0,13.0,60,11,24.0,1920,1080
51000000,i7-1255U,7,10.0,12.0,12,4.7,4.7,1,15,55,7,16,5,5.0,512,1,,0.0,1,0,0,0,13.0,120,11,12.0,2880,1920
16390000,i3-1315U,7,6.0,8.0,10,4.5,4.5,1,15,55,3,8,4,5.0,256,1,,0.0,1,0,0,1,14.0,60,11,12.0,1920,1080
22590000,i7-1355U,7,10.0,12.0,12,5.0,5.0,1,15,55,7,32,4,5.0,512,1,,0.0,1,0,0,1,16.0,60,10,24.0,1920,1200
13990000,i5-1335U,7,10.0,12.0,12,4.6,4.6,1,15,55,5,8,4,5.0,512,1,,0.0,1,0,0,1,16.0,60,11,24.0,1920,1200
30990000,i7-1355U,7,10.0,12.0,12,5.0,5.0,1,15,55,7,16,4,5.0,512,1,,0.0,1,0,0,1,14.0,60,10,12.0,1920,1080
14990000,i5-1335U,7,10.0,12.0,12,4.6,4.6,1,15,55,5,8,4,5.0,512,1,,0.0,1,0,0,1,14.0,60,11,24.0,1920,1080
13290000,i3-N305,7,8.0,8.0,6,3.8,3.8,1,9,15,3,8,5,4.0,512,1,,0.0,1,0,0,1,14.0,60,11,12.0,1920,1200
17990000,i5-1335U,7,10.0,12.0,12,4.6,4.6,1,15,55,5,32,4,5.0,512,1,,0.0,1,0,0,1,14.0,60,10,24.0,1920,1200
20990000,i7-1255U,7,10.0,12.0,12,4.7,4.7,1,15,55,7,8,4,5.0,256,1,,0.0,1,0,0,0,14.0,60,10,36.0,1920,1080
28590000,155H,7,16.0,22.0,24,0.9,4.8,1,28,115,7,32,5,5.0,512,1,,0.0,1,0,0,0,14.0,60,11,24.0,1920,1200
9290000,i3-N305,7,8.0,8.0,6,3.8,3.8,1,9,15,3,8,5,4.0,512,1,,0.0,1,0,0,1,15.0,60,11,12.0,1920,1080
18990000,i7-1255U,7,10.0,12.0,12,4.7,4.7,1,15,55,7,32,4,5.0,512,1,,0.0,1,0,0,0,14.0,60,11,24.0,1920,1080
21290000,i5-1340P,7,12.0,16.0,12,4.6,4.6,1,28,64,5,8,5,5.0,256,1,,0.0,1,0,0,1,14.0,60,10,12.0,1920,1200
46990000,i7-13700,7,16.0,24.0,30,1.5,5.1,1,65,219,7,16,5,5.0,1024,1,,0.0,1,0,0,1,16.0,165,11,24.0,2560,1600
11990000,i3-1215U,7,6.0,8.0,10,4.4,4.4,1,15,55,3,8,4,5.0,256,1,2070,8.0,0,0,1,1,14.0,60,11,12.0,1920,1080
43390000,155H,7,16.0,22.0,24,0.9,4.8,1,28,115,7,16,5,5.0,512,1,,0.0,1,0,0,1,16.0,60,11,12.0,2560,1600
18590000,i5-13500H,7,12.0,16.0,18,4.7,4.7,1,45,95,5,16,5,5.0,1024,1,,0.0,1,0,0,0,14.0,60,11,36.0,1920,1200
27290000,i7-1355U,7,10.0,12.0,12,5.0,5.0,1,15,55,7,16,5,5.0,512,1,,0.0,1,0,0,0,14.0,60,11,12.0,1920,1080
34990000,i7-13700,7,16.0,24.0,30,1.5,5.1,1,65,219,7,32,5,5.0,512,1,,0.0,1,0,0,1,16.0,165,11,12.0,2560,1600
25990000,120U,7,10.0,12.0,12,0.9,5.0,1,15,55,5,16,5,5.0,512,1,,0.0,1,0,0,0,14.0,60,11,12.0,2240,1400
27990000,i5-1235U,7,10.0,12.0,12,4.4,4.4,1,15,55,5,128,5,5.0,256,1,,0.0,1,0,0,0,13.0,120,11,12.0,2880,1920
19890000,i7-1355U,7,10.0,12.0,12,5.0,5.0,1,15,55,7,16,4,5.0,512,1,,0.0,1,0,0,0,15.0,60,11,12.0,1920,1080
43990000,i7-13800H,7,14.0,20.0,24,5.2,5.2,1,45,115,7,16,5,5.0,512,1,,0.0,1,0,0,0,15.0,60,10,36.0,1920,1080
32990000,i7-13650HX,7,14.0,20.0,24,4.9,4.9,1,55,157,7,16,5,5.0,512,1,4060,8.0,0,0,1,1,15.0,144,11,24.0,1920,1080
22990000,i7-13700,7,16.0,24.0,30,1.5,5.1,1,65,219,7,64,5,5.0,512,1,,0.0,1,0,0,1,14.0,60,11,24.0,1920,1200
27390000,i7-13700,7,16.0,24.0,30,1.5,5.1,1,65,219,7,16,5,5.0,512,1,,0.0,1,0,0,0,14.0,90,11,12.0,2880,1800
20590000,i5-1335U,7,10.0,12.0,12,4.6,4.6,1,15,55,5,16,4,5.0,512,1,,0.0,1,0,0,1,14.0,60,10,12.0,1920,1080
12390000,i3-1315U,7,6.0,8.0,10,4.5,4.5,1,15,55,3,8,4,5.0,256,1,,0.0,1,0,0,1,14.0,60,11,12.0,1920,1080
17015000,Ryzen 5 7530U,7,6.0,12.0,19,2.0,4.5,0,15,15,5,16,4,4.0,512,1,,0.0,1,0,0,1,15.0,60,11,24.0,1920,1080
11690000,i3-1215U,7,6.0,8.0,10,4.4,4.4,1,15,55,3,8,4,5.0,512,1,,0.0,1,0,0,0,14.0,60,11,24.0,1920,1080
16190000,i7-1255U,7,10.0,12.0,12,4.7,4.7,1,15,55,7,16,4,5.0,512,1,,0.0,1,0,0,1,15.0,60,11,24.0,1920,1080
23590000,i5-1335U,7,10.0,12.0,12,4.6,4.6,1,15,55,5,16,4,5.0,512,1,,0.0,1,0,0,1,14.0,60,11,25.0,1920,1080
57690000,i7-13700,7,16.0,24.0,30,1.5,5.1,1,65,219,7,32,5,5.0,1024,1,4070,12.0,0,0,1,1,16.0,60,11,12.0,2560,1440
46990000,i9-13900H,7,14.0,20.0,24,5.4,5.4,1,45,115,9,24,5,5.0,1024,1,4060,8.0,0,0,1,0,16.0,120,11,24.0,3200,2000
12290000,Ryzen 7 7730U,7,8.0,16.0,20,2.0,4.5,0,15,15,7,8,4,4.0,512,1,,0.0,1,0,0,1,14.0,60,11,24.0,1920,1080
45990000,i7-9750H,14,6.0,12.0,12,2.6,4.5,1,35,45,7,16,4,4.0,1024,1,,0.0,1,0,0,1,17.0,60,10,24.0,1920,1200
27590000,i7-1355U,7,10.0,12.0,12,5.0,5.0,1,15,55,7,8,4,5.0,256,1,,0.0,1,0,0,1,14.0,60,10,36.0,1920,1080
39990000,i7-13650HX,7,14.0,20.0,24,4.9,4.9,1,55,157,7,16,5,5.0,512,1,4060,8.0,0,0,1,0,16.0,165,11,24.0,2560,1600
10990000,i3-1315U,7,6.0,8.0,10,4.5,4.5,1,15,55,3,8,5,5.0,512,1,,0.0,1,0,0,1,14.0,60,11,12.0,1920,1200
17490000,i5-13500H,7,12.0,16.0,18,4.7,4.7,1,45,95,5,16,4,5.0,512,1,,0.0,1,0,0,0,14.0,90,11,24.0,2880,1800
27990000,i7-13700,7,16.0,24.0,30,1.5,5.1,1,65,219,7,48,4,5.0,1024,1,,0.0,1,0,0,1,16.0,60,11,24.0,1920,1200
48890000,i5-1335U,7,10.0,12.0,12,4.6,4.6,1,15,55,5,16,5,5.0,512,1,,0.0,1,0,0,1,14.0,60,11,36.0,1920,1200
24990000,150U,7,10.0,12.0,12,1.2,5.4,1,15,55,7,32,5,5.0,512,1,,0.0,1,0,0,1,14.0,60,11,12.0,1920,1200
27790000,i7-1360P,7,12.0,16.0,18,5.0,5.0,1,28,64,7,32,4,5.0,512,1,,0.0,1,0,0,1,16.0,60,11,24.0,1920,1200
9790000,i3-1215U,7,6.0,8.0,10,4.4,4.4,1,15,55,3,32,4,5.0,512,1,,0.0,1,0,0,0,15.0,60,11,12.0,1920,1080
145000000,i7-7820HK,14,4.0,8.0,8,2.9,3.9,1,35,45,7,32,4,4.0,2048,1,,0.0,1,0,0,0,28.0,60,10,12.0,4500,3000
36990000,i7-1360P,7,12.0,16.0,18,5.0,5.0,1,28,64,7,16,5,5.0,512,1,,0.0,1,0,0,1,14.0,60,10,36.0,2240,1400
35990000,i5-13500HX,7,14.0,20.0,24,4.7,4.7,1,55,157,5,32,5,5.0,512,1,4060,8.0,0,0,1,1,16.0,165,11,12.0,2560,1600
25290000,i7-1355U,7,10.0,12.0,12,5.0,5.0,1,15,55,7,16,4,5.0,512,1,540,4.0,0,1,0,0,15.0,60,10,12.0,1920,1080
44990000,i7-13800H,7,14.0,20.0,24,5.2,5.2,1,45,115,7,16,5,5.0,256,1,,0.0,1,0,0,0,15.0,60,10,36.0,1920,1080
17990000,i5-1335U,7,10.0,12.0,12,4.6,4.6,1,15,55,5,32,4,5.0,512,1,,0.0,1,0,0,1,14.0,60,10,24.0,1920,1200
18990000,i5-1335U,7,10.0,12.0,12,4.6,4.6,1,15,55,5,32,4,5.0,512,1,,0.0,1,0,0,1,16.0,60,10,24.0,1920,1200
26190000,i7-1355U,7,10.0,12.0,12,5.0,5.0,1,15,55,7,16,4,5.0,512,1,,0.0,1,0,0,1,14.0,60,11,12.0,1920,1080
17990000,i5-12450H,7,8.0,12.0,12,4.4,4.4,1,45,95,5,8,5,5.0,512,1,,0.0,1,0,0,1,15.0,144,11,24.0,1920,1080
33990000,i5-13500HX,7,14.0,20.0,24,4.7,4.7,1,55,157,5,32,5,5.0,512,1,4060,8.0,0,0,1,1,16.0,165,11,12.0,1920,1200
52690000,i7-1360P,7,12.0,16.0,18,5.0,5.0,1,28,64,7,16,5,5.0,512,1,,0.0,1,0,0,1,13.0,60,10,36.0,2160,1350
15290000,i5-1235U,7,10.0,12.0,12,4.4,4.4,1,15,55,5,16,4,5.0,512,1,,0.0,1,0,0,0,15.0,60,11,12.0,1920,1080
8490000,i3-1115G4,10,2.0,4.0,6,1.7,4.1,1,12,28,3,8,4,4.0,512,1,,0.0,1,0,0,1,14.0,60,11,24.0,1920,1080
26990000,i5-1335U,7,10.0,12.0,12,4.6,4.6,1,15,55,5,32,5,5.0,512,1,,0.0,1,0,0,1,16.0,60,10,36.0,1920,1200
65990000,i7-1185G7,10,4.0,8.0,12,1.2,4.8,1,12,28,7,32,4,4.0,1024,1,,0.0,1,0,0,0,13.0,120,11,12.0,2880,1920
9790000,i3-1215U,7,6.0,8.0,10,4.4,4.4,1,15,55,3,16,4,5.0,512,1,,0.0,1,0,0,0,15.0,60,11,24.0,1920,1080
63590000,155U,7,12.0,14.0,12,1.2,4.8,1,15,57,7,32,5,5.0,1024,1,,0.0,1,0,0,0,13.0,60,11,24.0,2880,1800
72990000,i7-12800H,7,14.0,20.0,24,4.8,4.8,1,45,115,7,16,5,5.0,512,1,,0.0,1,0,0,0,15.0,60,10,36.0,3840,2400
39990000,i5-1235U,7,10.0,12.0,12,4.4,4.4,1,15,55,5,128,5,5.0,256,1,,0.0,1,0,0,0,13.0,120,11,12.0,2880,1920
26990000,155H,7,16.0,22.0,24,0.9,4.8,1,28,115,7,32,5,5.0,1024,1,,0.0,1,0,0,0,14.0,60,10,24.0,1920,1200
24990000,155H,7,16.0,22.0,24,0.9,4.8,1,28,115,7,32,5,5.0,512,1,,0.0,1,0,0,0,14.0,60,11,24.0,1920,1200
59990000,i9-14900HX,7,24.0,32.0,36,1.6,5.8,1,55,157,9,32,5,5.0,512,1,4070,12.0,0,0,1,1,18.0,240,11,24.0,2560,1600
55990000,i7-1360P,7,12.0,16.0,18,5.0,5.0,1,28,64,7,16,5,5.0,512,1,,0.0,1,0,0,0,13.0,60,11,12.0,3456,2160
28990000,i5-1340P,7,12.0,16.0,12,4.6,4.6,1,28,64,5,16,5,5.0,512,1,,0.0,1,0,0,1,14.0,60,11,12.0,1920,1080
17990000,Ryzen 5 7530U,7,6.0,12.0,19,2.0,4.5,0,15,15,5,16,4,4.0,1024,1,,0.0,1,0,0,1,14.0,60,11,12.0,1920,1080
81990000,i7-13700,7,16.0,24.0,30,1.5,5.1,1,65,219,7,64,5,5.0,2048,1,4070,12.0,0,0,1,1,17.0,165,11,24.0,2560,1600
19790000,i5-12450HX,7,8.0,12.0,12,4.4,4.4,1,55,157,5,12,5,5.0,512,1,,0.0,1,0,0,1,15.0,144,11,24.0,1920,1080
24490000,Ryzen 7 7735HS,6,8.0,16.0,20,3.2,4.75,0,35,54,7,32,5,5.0,512,1,,0.0,1,0,0,1,15.0,144,11,24.0,1920,1080
29990000,i7-13620H,7,10.0,16.0,24,4.9,4.9,1,45,115,7,64,5,5.0,1024,1,4060,8.0,0,0,1,1,15.0,144,11,24.0,1920,1080
86990000,i9-14900HX,7,24.0,32.0,36,1.6,5.8,1,55,157,9,64,5,5.0,1024,1,4060,8.0,0,0,1,0,16.0,165,11,24.0,2560,1600
28790000,i7-13700,7,16.0,24.0,30,1.5,5.1,1,65,219,7,16,5,5.0,512,1,,0.0,1,0,0,1,16.0,60,11,12.0,1920,1080
14990000,i5-1335U,7,10.0,12.0,12,4.6,4.6,1,15,55,5,8,4,5.0,256,1,,0.0,1,0,0,0,15.0,120,11,12.0,1920,1080
13390000,i5-13420H,7,8.0,12.0,12,4.6,4.6,1,45,95,5,16,4,5.0,512,1,,0.0,1,0,0,1,14.0,60,10,24.0,1920,1080
27990000,i5-1135G7,10,4.0,8.0,8,0.9,4.2,1,12,28,5,8,4,4.0,512,1,,0.0,1,0,0,0,13.0,120,11,12.0,2880,1920
59990000,i7-13700,7,16.0,24.0,30,1.5,5.1,1,65,219,7,64,5,5.0,2048,1,4070,12.0,0,0,1,1,16.0,240,11,24.0,2560,1600
13190000,i5-1335U,7,10.0,12.0,12,4.6,4.6,1,15,55,5,16,4,5.0,512,1,,0.0,1,0,0,1,15.0,60,11,24.0,1920,1080
102990000,i9-13950HX,7,24.0,32.0,36,5.5,5.5,1,55,157,9,64,5,5.0,4096,1,4080,16.0,0,0,1,1,17.0,240,11,24.0,2560,1600
41990000,i7-14650HX,7,16.0,24.0,30,1.6,5.2,1,55,157,7,32,5,5.0,1024,1,4060,8.0,0,0,1,0,16.0,165,11,24.0,2560,1600
39990000,i7-12700H,7,14.0,20.0,24,4.7,4.7,1,45,115,7,64,5,5.0,1024,1,3070 Ti,8.0,0,0,1,1,17.0,120,11,24.0,3840,2160
39990000,i7-14650HX,7,16.0,24.0,30,1.6,5.2,1,55,157,7,16,5,5.0,512,1,4060,8.0,0,0,1,0,16.0,165,11,24.0,2560,1600
18390000,i7-13620H,7,10.0,16.0,24,4.9,4.9,1,45,115,7,16,5,5.0,512,1,,0.0,1,0,0,1,14.0,60,11,24.0,1920,1080
57990000,Ryzen 9 8945HS,4,8.0,16.0,24,4.0,5.2,0,35,54,9,32,5,5.0,1024,1,4060,8.0,0,0,1,1,14.0,120,11,24.0,2880,1800
17390000,i5-13500H,7,12.0,16.0,18,4.7,4.7,1,45,95,5,24,4,5.0,512,1,,0.0,1,0,0,0,15.0,60,11,24.0,1920,1080
16890000,i5-13420H,7,8.0,12.0,12,4.6,4.6,1,45,95,5,16,5,5.0,512,1,,0.0,1,0,0,1,15.0,60,11,12.0,1920,1080
27690000,i7-1360P,7,12.0,16.0,18,5.0,5.0,1,28,64,7,16,5,5.0,512,1,630,4.0,0,1,0,0,16.0,60,11,12.0,1920,1200
16190000,i5-1335U,7,10.0,12.0,12,4.6,4.6,1,15,55,5,8,4,5.0,512,1,,0.0,1,0,0,0,14.0,60,11,12.0,1920,1080
25990000,i5-13420H,7,8.0,12.0,12,4.6,4.6,1,45,95,5,8,5,5.0,512,1,,0.0,1,0,0,1,15.0,144,11,24.0,1920,1080
18490000,i5-1240P,7,12.0,16.0,12,4.4,4.4,1,28,64,5,16,4,5.0,512,1,,0.0,1,0,0,1,14.0,60,11,12.0,2560,1440
27990000,i5-12500H,7,12.0,16.0,18,4.5,4.5,1,45,95,5,64,4,5.0,512,1,3060,12.0,0,0,1,0,17.0,144,11,24.0,1920,1080
20390000,i7-1355U,7,10.0,12.0,12,5.0,5.0,1,15,55,7,16,4,5.0,512,1,,0.0,1,0,0,0,15.0,60,11,12.0,1920,1080
17790000,i5-1335U,7,10.0,12.0,12,4.6,4.6,1,15,55,5,8,4,5.0,256,1,,0.0,1,0,0,1,15.0,60,11,12.0,1920,1080
28990000,i7-13620H,7,10.0,16.0,24,4.9,4.9,1,45,115,7,32,5,5.0,512,1,,0.0,1,0,0,1,15.0,144,11,12.0,1920,1080
13290000,i5-1335U,7,10.0,12.0,12,4.6,4.6,1,15,55,5,16,4,5.0,512,1,,0.0,1,0,0,1,14.0,60,10,24.0,1920,1080
91990000,i9-12900,7,16.0,24.0,30,1.8,5.0,1,65,202,9,64,5,5.0,2048,1,3080,12.0,0,0,1,0,17.0,120,11,24.0,1920,1080
45990000,i9-14900HX,7,24.0,32.0,36,1.6,5.8,1,55,157,9,32,5,5.0,512,1,4060,8.0,0,0,1,1,16.0,240,11,24.0,2560,1600
19290000,i5-1335U,7,10.0,12.0,12,4.6,4.6,1,15,55,5,16,4,5.0,512,1,,0.0,1,0,0,1,15.0,60,11,12.0,1920,1080
23990000,i5-1230U,7,10.0,12.0,12,4.4,4.4,1,9,29,5,16,4,5.0,512,1,,0.0,1,0,0,0,13.0,60,11,12.0,2880,1800
19990000,i5-1340P,7,12.0,16.0,12,4.6,4.6,1,28,64,5,8,4,5.0,512,1,,0.0,1,0,0,1,14.0,60,11,12.0,1920,1080
25790000,i5-12450H,7,8.0,12.0,12,4.4,4.4,1,45,95,5,32,5,5.0,512,1,,0.0,1,0,0,1,15.0,144,11,12.0,1920,1080
14990000,i5-1335U,7,10.0,12.0,12,4.6,4.6,1,15,55,5,8,4,5.0,512,1,,0.0,1,0,0,0,15.0,60,11,24.0,1920,1080
65990000,i9-14900HX,7,24.0,32.0,36,1.6,5.8,1,55,157,9,32,5,5.0,1024,1,4070,12.0,0,0,1,1,16.0,165,11,24.0,3200,2000
21990000,i5-1340P,7,12.0,16.0,12,4.6,4.6,1,28,64,5,16,4,5.0,512,1,,0.0,1,0,0,1,15.0,60,11,12.0,1920,1080
81990000,i7-13800H,7,14.0,20.0,24,5.2,5.2,1,45,115,7,16,5,5.0,512,1,,0.0,1,0,0,0,16.0,60,10,36.0,1920,1200
13590000,i5-1335U,7,10.0,12.0,12,4.6,4.6,1,15,55,5,8,4,5.0,256,1,,0.0,1,0,0,0,14.0,60,11,12.0,1920,1080
19990000,i5-12450HX,7,8.0,12.0,12,4.4,4.4,1,55,157,5,32,5,5.0,512,1,,0.0,1,0,0,1,15.0,144,11,24.0,1920,1080
25990000,i7-13620H,7,10.0,16.0,24,4.9,4.9,1,45,115,7,32,5,5.0,512,1,,0.0,1,0,0,1,15.0,144,11,24.0,1920,1080
14490000,i5-1235U,7,10.0,12.0,12,4.4,4.4,1,15,55,5,16,4,5.0,512,1,,0.0,1,0,0,0,15.0,60,11,24.0,1920,1080
15690000,i7-1255U,7,10.0,12.0,12,4.7,4.7,1,15,55,7,8,4,5.0,512,1,,0.0,1,0,0,0,14.0,60,11,24.0,1920,1080
28990000,155H,7,16.0,22.0,24,0.9,4.8,1,28,115,7,16,5,5.0,512,1,,0.0,1,0,0,0,16.0,120,11,24.0,3200,2000
19490000,i5-12500H,7,12.0,16.0,18,4.5,4.5,1,45,95,5,32,4,5.0,512,1,,0.0,1,0,0,1,15.0,144,11,18.0,1920,1080
24990000,i5-1335U,7,10.0,12.0,12,4.6,4.6,1,15,55,5,16,4,5.0,512,1,,0.0,1,0,0,1,14.0,60,10,12.0,1920,1080
12690000,i3-1315U,7,6.0,8.0,10,4.5,4.5,1,15,55,3,8,4,5.0,256,1,,0.0,1,0,0,1,14.0,60,11,12.0,1920,1080
26890000,125H,7,14.0,18.0,18,0.7,4.5,1,28,115,5,16,5,5.0,512,1,,0.0,1,0,0,0,14.0,120,11,24.0,2880,1800
21790000,i5-1335U,7,10.0,12.0,12,4.6,4.6,1,15,55,5,8,5,5.0,512,1,630,4.0,0,1,0,0,16.0,60,11,12.0,1920,1080
26990000,Ryzen 7 7735HS,6,8.0,16.0,20,3.2,4.75,0,35,54,7,32,5,5.0,512,1,4060,8.0,0,0,1,1,15.0,144,11,24.0,1920,1080
22390000,i5-1335U,7,10.0,12.0,12,4.6,4.6,1,15,55,5,16,4,5.0,512,1,630,4.0,0,1,0,1,13.0,60,11,12.0,1920,1080
28990000,i7-13620H,7,10.0,16.0,24,4.9,4.9,1,45,115,7,32,5,5.0,512,1,,0.0,1,0,0,1,15.0,144,11,12.0,1920,1080
27490000,Ryzen 7 7735HS,6,8.0,16.0,20,3.2,4.75,0,35,54,7,32,5,5.0,1024,1,4060,8.0,0,0,1,1,15.0,144,11,24.0,1920,1080
19990000,i7-1355U,7,10.0,12.0,12,5.0,5.0,1,15,55,7,16,4,5.0,512,1,,0.0,1,0,0,1,14.0,60,11,24.0,1920,1080
33990000,i5-1340P,7,12.0,16.0,12,4.6,4.6,1,28,64,5,16,5,5.0,512,1,,0.0,1,0,0,1,14.0,60,10,36.0,2240,1400
28990000,Ryzen 5 7535HS,6,6.0,12.0,19,3.3,4.55,0,35,54,5,32,5,5.0,512,1,535,4.0,0,1,0,1,16.0,165,11,12.0,1920,1200
35990000,i7-1260P,7,12.0,16.0,18,4.7,4.7,1,28,64,7,32,4,5.0,512,1,,0.0,1,0,0,1,16.0,60,10,36.0,1920,1200
19290000,i5-1235U,7,10.0,12.0,12,4.4,4.4,1,15,55,5,8,4,5.0,512,1,,0.0,1,0,0,1,14.0,60,11,12.0,1920,1080
21590000,i7-1355U,7,10.0,12.0,12,5.0,5.0,1,15,55,7,8,4,5.0,512,1,,0.0,1,0,0,0,15.0,120,10,12.0,1920,1080
16990000,i5-1335U,7,10.0,12.0,12,4.6,4.6,1,15,55,5,8,4,5.0,512,1,,0.0,1,0,0,1,14.0,60,11,24.0,1920,1080
22290000,i7-13700,7,16.0,24.0,30,1.5,5.1,1,65,219,7,48,4,5.0,512,1,,0.0,1,0,0,1,14.0,60,10,24.0,1920,1200
19490000,i5-13420H,7,8.0,12.0,12,4.6,4.6,1,45,95,5,32,5,5.0,512,1,,0.0,1,0,0,1,15.0,144,11,12.0,1920,1080
127990000,i9-13900H,7,14.0,20.0,24,5.4,5.4,1,45,115,9,32,5,5.0,1024,1,4080,16.0,0,0,1,0,18.0,240,11,12.0,2560,1600
18990000,i7-1355U,7,10.0,12.0,12,5.0,5.0,1,15,55,7,16,4,5.0,512,1,,0.0,1,0,0,0,14.0,60,11,24.0,1920,1080
32590000,i9-13900H,7,14.0,20.0,24,5.4,5.4,1,45,115,9,32,5,5.0,512,1,4060,8.0,0,0,1,1,15.0,144,11,12.0,1920,1080
15999000,i5-12450H,7,8.0,12.0,12,4.4,4.4,1,45,95,5,32,4,5.0,512,1,,0.0,1,0,0,1,15.0,60,11,12.0,1920,1080
39990000,i5-1235U,7,10.0,12.0,12,4.4,4.4,1,15,55,5,128,5,5.0,256,1,,0.0,1,0,0,0,13.0,120,11,12.0,2880,1920
23490000,i5-13500H,7,12.0,16.0,18,4.7,4.7,1,45,95,5,16,5,5.0,512,1,,0.0,1,0,0,0,14.0,90,11,12.0,2880,1800
37990000,i7-1360P,7,12.0,16.0,18,5.0,5.0,1,28,64,7,32,5,5.0,512,1,,0.0,1,0,0,1,16.0,60,10,36.0,1920,1200
36990000,i7-1355U,7,10.0,12.0,12,5.0,5.0,1,15,55,7,16,5,5.0,512,1,,0.0,1,0,0,1,14.0,60,10,36.0,1920,1200
42990000,i7-13700,7,16.0,24.0,30,1.5,5.1,1,65,219,7,32,5,5.0,512,1,4060,8.0,0,0,1,1,16.0,165,11,12.0,2560,1600
24990000,i5-1035G4,10,4.0,8.0,6,0.8,3.7,1,12,25,5,8,4,4.0,256,1,,0.0,1,0,0,0,12.0,60,10,12.0,1920,1080
26990000,165H,7,16.0,22.0,24,0.9,5.0,1,28,115,7,32,5,5.0,512,1,,0.0,1,0,0,1,16.0,165,11,12.0,1920,1200
21990000,i7-1355U,7,10.0,12.0,12,5.0,5.0,1,15,55,7,32,4,5.0,512,1,,0.0,1,0,0,1,14.0,60,10,24.0,1920,1200
24790000,155H,7,16.0,22.0,24,0.9,4.8,1,28,115,7,16,5,5.0,512,1,,0.0,1,0,0,1,14.0,60,11,12.0,2240,1400
51990000,i7-1360P,7,12.0,16.0,18,5.0,5.0,1,28,64,7,16,5,5.0,512,1,,0.0,1,0,0,1,13.0,60,11,36.0,2160,1350
39990000,i5-1235U,7,10.0,12.0,12,4.4,4.4,1,15,55,5,128,5,5.0,256,1,,0.0,1,0,0,0,13.0,120,11,12.0,2880,1920
18590000,i5-1335U,7,10.0,12.0,12,4.6,4.6,1,15,55,5,8,4,5.0,512,1,,0.0,1,0,0,0,15.0,60,11,12.0,1920,1080
42990000,i7-1360P,7,12.0,16.0,18,5.0,5.0,1,28,64,7,16,5,5.0,512,1,,0.0,1,0,0,1,16.0,144,11,12.0,2560,1600
22490000,i7-13700,7,16.0,24.0,30,1.5,5.1,1,65,219,7,48,4,5.0,512,1,,0.0,1,0,0,1,16.0,60,10,24.0,1920,1200
25490000,i5-1340P,7,12.0,16.0,12,4.6,4.6,1,28,64,5,16,5,5.0,512,1,630,4.0,0,1,0,0,16.0,60,11,12.0,1920,1200
68990000,i9-13900H,7,14.0,20.0,24,5.4,5.4,1,45,115,9,64,5,5.0,2048,1,4070,12.0,0,0,1,1,16.0,120,11,24.0,3840,2160
24790000,i5-1340P,7,12.0,16.0,12,4.6,4.6,1,28,64,5,16,5,5.0,256,1,,0.0,1,0,0,1,14.0,60,11,12.0,1920,1200
22990000,i7-12700H,7,14.0,20.0,24,4.7,4.7,1,45,115,7,16,5,5.0,512,1,,0.0,1,0,0,0,14.0,90,11,36.0,2880,1800
17990000,i5-12450H,7,8.0,12.0,12,4.4,4.4,1,45,95,5,32,4,5.0,512,1,,0.0,1,0,0,1,15.0,144,11,12.0,1920,1080
149990000,i9-13980HX,7,24.0,32.0,36,5.6,5.6,1,55,157,9,128,5,5.0,128,1,4090,24.0,0,0,1,1,17.0,144,11,24.0,3840,2160
39990000,i7-14700HX,7,20.0,28.0,33,1.5,5.5,1,55,157,7,64,5,5.0,1024,1,4060,8.0,0,0,1,1,16.0,240,11,24.0,2560,1600
56990000,i7-1185G7,10,4.0,8.0,12,1.2,4.8,1,12,28,7,16,4,4.0,1024,1,,0.0,1,0,0,0,13.0,120,11,12.0,2880,1920
19390000,i5-13500H,7,12.0,16.0,18,4.7,4.7,1,45,95,5,16,4,5.0,512,1,,0.0,1,0,0,0,14.0,90,11,24.0,2880,1800
66990000,185H,7,16.0,22.0,24,1.8,5.1,1,45,115,9,32,5,5.0,512,1,4060,8.0,0,0,1,0,16.0,240,11,24.0,2560,1600
28990000,i5-1340P,7,12.0,16.0,12,4.6,4.6,1,28,64,5,16,5,5.0,512,1,,0.0,1,0,0,1,14.0,60,11,12.0,1920,1080
52490000,i7-13800H,7,14.0,20.0,24,5.2,5.2,1,45,115,7,32,5,5.0,1024,1,,0.0,1,0,0,0,15.0,60,11,36.0,1920,1080
104890000,i9-14900HX,7,24.0,32.0,36,1.6,5.8,1,55,157,9,32,5,5.0,2048,1,4090,24.0,0,0,1,1,18.0,250,11,12.0,2560,1600
55990000,i9-13900H,7,14.0,20.0,24,5.4,5.4,1,45,115,9,32,5,5.0,1024,1,,0.0,1,0,0,0,14.0,120,11,24.0,2880,1800
35990000,i7-1260P,7,12.0,16.0,18,4.7,4.7,1,28,64,7,32,4,5.0,512,1,,0.0,1,0,0,1,14.0,60,10,36.0,2240,1400
25990000,155H,7,16.0,22.0,24,0.9,4.8,1,28,115,7,32,5,5.0,512,1,,0.0,1,0,0,0,16.0,120,11,24.0,2048,1280
23990000,i7-1255U,7,10.0,12.0,12,4.7,4.7,1,15,55,7,16,4,5.0,512,1,630,4.0,0,1,0,1,13.0,60,11,12.0,1920,1080
15790000,i5-12450H,7,8.0,12.0,12,4.4,4.4,1,45,95,5,16,5,5.0,512,1,,0.0,1,0,0,1,16.0,60,11,36.0,1920,1200
24990000,i5-12500H,7,12.0,16.0,18,4.5,4.5,1,45,95,5,64,4,5.0,512,1,4060,8.0,0,0,1,1,15.0,144,11,24.0,1920,1080
18990000,i5-1335U,7,10.0,12.0,12,4.6,4.6,1,15,55,5,16,5,5.0,512,1,,0.0,1,0,0,1,14.0,60,11,12.0,1920,1200
22990000,i5-1135G7,10,4.0,8.0,8,0.9,4.2,1,12,28,5,8,4,4.0,512,1,,0.0,1,0,0,0,13.0,60,11,24.0,1920,1080
28790000,i5-13500H,7,12.0,16.0,18,4.7,4.7,1,45,95,5,16,4,5.0,512,1,,0.0,1,0,0,1,15.0,60,11,12.0,1920,1080
55990000,i9-13905H,7,14.0,20.0,24,5.4,5.4,1,45,115,9,32,5,5.0,1024,1,4060,8.0,0,0,1,0,14.0,165,11,36.0,3072,1920
46790000,i9-14900HX,7,24.0,32.0,36,1.6,5.8,1,55,157,9,64,5,5.0,1024,1,4060,8.0,0,0,1,1,16.0,240,11,24.0,2560,1600
20490000,i5-1335U,7,10.0,12.0,12,4.6,4.6,1,15,55,5,16,4,5.0,512,1,,0.0,1,0,0,1,14.0,60,11,12.0,1920,1080
18990000,i7-1355U,7,10.0,12.0,12,5.0,5.0,1,15,55,7,16,5,5.0,512,1,,0.0,1,0,0,1,14.0,60,11,12.0,1920,1200
21990000,i7-1355U,7,10.0,12.0,12,5.0,5.0,1,15,55,7,8,4,5.0,512,1,540,4.0,0,1,0,1,15.0,60,10,12.0,1920,1080
32990000,i7-1255U,7,10.0,12.0,12,4.7,4.7,1,15,55,7,16,4,5.0,1024,1,,0.0,1,0,0,0,13.0,60,11,24.0,1920,1080
37690000,i7-13650HX,7,14.0,20.0,24,4.9,4.9,1,55,157,7,16,5,5.0,512,1,4060,8.0,0,0,1,0,15.0,165,11,12.0,1920,1080
16990000,i5-1335U,7,10.0,12.0,12,4.6,4.6,1,15,55,5,16,4,5.0,512,1,,0.0,1,0,0,0,14.0,60,11,12.0,1920,1080
13990000,i5-1235U,7,10.0,12.0,12,4.4,4.4,1,15,55,5,16,4,5.0,512,1,,0.0,1,0,0,1,15.0,60,11,24.0,1920,1080
10390000,i3-1215U,7,6.0,8.0,10,4.4,4.4,1,15,55,3,8,4,5.0,256,1,,0.0,1,0,0,0,15.0,60,11,12.0,1920,1080
20990000,i5-1335U,7,10.0,12.0,12,4.6,4.6,1,15,55,5,8,5,5.0,512,1,,0.0,1,0,0,0,14.0,60,11,12.0,1920,1200
29990000,i5-1340P,7,12.0,16.0,12,4.6,4.6,1,28,64,5,16,5,5.0,512,1,,0.0,1,0,0,1,16.0,60,10,12.0,2560,1600
10990000,i3-1215U,7,6.0,8.0,10,4.4,4.4,1,15,55,3,8,4,5.0,256,1,,0.0,1,0,0,0,14.0,60,11,12.0,1920,1080
14990000,i5-12450H,7,8.0,12.0,12,4.4,4.4,1,45,95,5,32,4,5.0,512,1,,0.0,1,0,0,1,15.0,60,11,12.0,1920,1080
27990000,i5-1235U,7,10.0,12.0,12,4.4,4.4,1,15,55,5,16,4,5.0,512,1,,0.0,1,0,0,0,13.0,60,11,24.0,1920,1080
28390000,i7-13620H,7,10.0,16.0,24,4.9,4.9,1,45,115,7,16,5,5.0,512,1,,0.0,1,0,0,1,15.0,144,11,24.0,1920,1080
42990000,i7-13620H,7,10.0,16.0,24,4.9,4.9,1,45,115,7,16,5,5.0,1024,1,4060,8.0,0,0,1,0,15.0,240,11,24.0,2560,1440
23290000,i5-12500H,7,12.0,16.0,18,4.5,4.5,1,45,95,5,64,4,5.0,512,1,,0.0,1,0,0,1,15.0,144,11,24.0,1920,1080
12990000,i5-12450H,7,8.0,12.0,12,4.4,4.4,1,45,95,5,32,4,5.0,512,1,,0.0,1,0,0,1,15.0,60,11,12.0,1920,1080
21390000,i5-12500H,7,12.0,16.0,18,4.5,4.5,1,45,95,5,32,4,5.0,512,1,540,4.0,0,1,0,1,15.0,144,11,12.0,1920,1080
12990000,i5-1155G7,10,4.0,8.0,8,1.0,4.5,1,12,28,5,16,4,4.0,512,1,,0.0,1,0,0,1,14.0,60,11,24.0,1920,1080
35990000,Ryzen 7 7840HS,4,8.0,16.0,24,3.8,5.1,0,35,54,7,32,5,5.0,512,1,4060,8.0,0,0,1,1,16.0,165,11,12.0,2560,1600
24190000,i5-1335U,7,10.0,12.0,12,4.6,4.6,1,15,55,5,16,4,5.0,512,1,,0.0,1,0,0,1,15.0,60,11,12.0,1920,1080
39990000,i5-1235U,7,10.0,12.0,12,4.4,4.4,1,15,55,5,16,5,5.0,256,1,,0.0,1,0,0,0,13.0,120,11,12.0,2880,1920
59450000,185H,7,16.0,22.0,24,1.8,5.1,1,45,115,9,32,5,5.0,1024,1,,0.0,1,0,0,0,14.0,120,11,24.0,2880,1800
29790000,i7-13620H,7,10.0,16.0,24,4.9,4.9,1,45,115,7,32,5,5.0,512,1,4060,8.0,0,0,1,1,15.0,144,11,24.0,1920,1080
28590000,i7-1360P,7,12.0,16.0,18,5.0,5.0,1,28,64,7,16,5,5.0,512,1,630,4.0,0,1,0,0,16.0,60,11,12.0,1920,1200
55490000,i7-13800H,7,14.0,20.0,24,5.2,5.2,1,45,115,7,32,5,5.0,1024,1,,0.0,1,0,0,0,15.0,60,11,36.0,1920,1080
37990000,i7-1360P,7,12.0,16.0,18,5.0,5.0,1,28,64,7,32,5,5.0,512,1,,0.0,1,0,0,1,16.0,60,10,36.0,1920,1200
26790000,i7-1360P,7,12.0,16.0,18,5.0,5.0,1,28,64,7,16,5,5.0,512,1,,0.0,1,0,0,1,14.0,60,11,12.0,1920,1200
27890000,i7-1355U,7,10.0,12.0,12,5.0,5.0,1,15,55,7,32,5,5.0,512,1,,0.0,1,0,0,1,16.0,60,10,36.0,1920,1200
45990000,i9-13980HX,7,24.0,32.0,36,5.6,5.6,1,55,157,9,32,5,5.0,4096,1,4060,8.0,0,0,1,1,16.0,240,11,24.0,2560,1600
19990000,i5-1340P,7,12.0,16.0,12,4.6,4.6,1,28,64,5,8,4,5.0,512,1,,0.0,1,0,0,1,14.0,60,11,12.0,1920,1080
29990000,i5-13450HX,7,10.0,16.0,20,4.6,4.6,1,55,157,5,32,5,5.0,512,1,,0.0,1,0,0,1,16.0,165,11,24.0,1920,1200
28999000,i7-1165G7,10,4.0,8.0,12,1.2,4.7,1,12,28,7,16,4,4.0,512,1,,0.0,1,0,0,1,14.0,60,10,24.0,1920,1080
39490000,155H,7,16.0,22.0,24,0.9,4.8,1,28,115,7,16,5,5.0,512,1,,0.0,1,0,0,1,14.0,60,11,12.0,1920,1200
14990000,i5-1235U,7,10.0,12.0,12,4.4,4.4,1,15,55,5,20,4,5.0,512,1,,0.0,1,0,0,1,14.0,60,11,14.0,1920,1080
23988000,i7-1360P,7,12.0,16.0,18,5.0,5.0,1,28,64,7,16,4,5.0,512,1,,0.0,1,0,0,1,15.0,60,11,24.0,1920,1080
23490000,i7-12650H,7,10.0,16.0,24,4.7,4.7,1,45,115,7,32,4,5.0,512,1,,0.0,1,0,0,1,15.0,144,11,12.0,1920,1080
34990000,i7-1165G7,10,4.0,8.0,12,1.2,4.7,1,12,28,7,16,4,4.0,1024,1,,0.0,1,0,0,1,13.0,60,10,36.0,2160,1350
17590000,i7-1255U,7,10.0,12.0,12,4.7,4.7,1,15,55,7,32,4,5.0,512,1,,0.0,1,0,0,1,14.0,60,11,24.0,1920,1080
9690000,i3-1215U,7,6.0,8.0,10,4.4,4.4,1,15,55,3,8,4,5.0,256,1,,0.0,1,0,0,0,15.0,60,11,24.0,1920,1080
32990000,i7-1355U,7,10.0,12.0,12,5.0,5.0,1,15,55,7,16,5,5.0,512,1,,0.0,1,0,0,1,14.0,60,10,36.0,2240,1400
14990000,i5-1335U,7,10.0,12.0,12,4.6,4.6,1,15,55,5,16,5,5.0,512,1,,0.0,1,0,0,1,15.0,60,11,12.0,1920,1080
16190000,i5-1335U,7,10.0,12.0,12,4.6,4.6,1,15,55,5,8,4,5.0,512,1,,0.0,1,0,0,0,14.0,60,11,12.0,1920,1080
28990000,i7-12700H,7,14.0,20.0,24,4.7,4.7,1,45,115,7,32,4,5.0,512,1,4060,8.0,0,0,1,1,15.0,144,11,24.0,1920,1080
12290000,i5-1235U,7,10.0,12.0,12,4.4,4.4,1,15,55,5,32,4,5.0,512,1,,0.0,1,0,0,0,15.0,60,11,12.0,1920,1080
36990000,i7-1360P,7,12.0,16.0,18,5.0,5.0,1,28,64,7,16,5,5.0,512,1,,0.0,1,0,0,1,16.0,60,10,36.0,1920,1200
17790000,i5-1335U,7,10.0,12.0,12,4.6,4.6,1,15,55,5,8,4,5.0,256,1,,0.0,1,0,0,1,15.0,60,11,12.0,1920,1080
18290000,i5-1335U,7,10.0,12.0,12,4.6,4.6,1,15,55,5,16,4,5.0,512,1,,0.0,1,0,0,0,14.0,60,11,12.0,1920,1080
16990000,i5-1334U,7,10.0,12.0,12,4.6,4.6,1,15,55,5,16,4,5.0,512,1,,0.0,1,0,0,0,15.0,60,11,12.0,1920,1080
41990000,i7-1355U,7,10.0,12.0,12,5.0,5.0,1,15,55,7,32,5,5.0,2048,1,,0.0,1,0,0,1,13.0,60,11,36.0,1920,1200
149990000,i9-14900HX,7,24.0,32.0,36,1.6,5.8,1,55,157,9,128,5,5.0,128,1,4090,24.0,0,0,1,1,18.0,120,11,36.0,1920,1080
45690000,155H,7,16.0,22.0,24,0.9,4.8,1,28,115,7,16,5,5.0,1024,1,,0.0,1,0,0,0,14.0,120,11,24.0,2880,1800
27990000,Ryzen 7 8845HS,4,8.0,16.0,24,3.8,5.1,0,35,54,7,16,5,5.0,512,1,,0.0,1,0,0,1,15.0,144,11,24.0,1920,1080
12290000,Ryzen 7 5700U,7,8.0,16.0,12,1.8,4.3,0,10,25,7,16,4,4.0,512,1,,0.0,1,0,0,1,14.0,60,11,12.0,1920,1200
37990000,i5-13500HX,7,14.0,20.0,24,4.7,4.7,1,55,157,5,32,5,5.0,512,1,4060,8.0,0,0,1,1,16.0,165,11,12.0,2560,1600
13590000,i5-1335U,7,10.0,12.0,12,4.6,4.6,1,15,55,5,16,4,5.0,512,1,,0.0,1,0,0,1,15.0,60,10,24.0,1920,1080
21990000,i7-1360P,7,12.0,16.0,18,5.0,5.0,1,28,64,7,8,4,5.0,512,1,,0.0,1,0,0,0,15.0,60,11,24.0,1920,1080
62890000,i9-13900H,7,14.0,20.0,24,5.4,5.4,1,45,115,9,64,5,5.0,1024,1,4070,12.0,0,0,1,0,16.0,240,11,24.0,2560,1440
19990000,i5-1335U,7,10.0,12.0,12,4.6,4.6,1,15,55,5,8,4,5.0,256,1,,0.0,1,0,0,1,14.0,60,11,12.0,1920,1080
14190000,i5-1235U,7,10.0,12.0,12,4.4,4.4,1,15,55,5,8,4,5.0,512,1,,0.0,1,0,0,0,15.0,60,11,12.0,1920,1080
26590000,i5-13420H,7,8.0,12.0,12,4.6,4.6,1,45,95,5,32,5,5.0,512,1,,0.0,1,0,0,1,15.0,144,11,12.0,1920,1080
19890000,i7-1355U,7,10.0,12.0,12,5.0,5.0,1,15,55,7,16,4,5.0,512,1,,0.0,1,0,0,0,14.0,60,11,12.0,1920,1080
26990000,i5-12500H,7,12.0,16.0,18,4.5,4.5,1,45,95,5,64,5,5.0,512,1,,0.0,1,0,0,1,15.0,360,11,24.0,1920,1080
37354000,i5-1340P,7,12.0,16.0,12,4.6,4.6,1,28,64,5,16,5,5.0,512,1,,0.0,1,0,0,1,16.0,60,10,36.0,1920,1200
32990000,i7-1255U,7,10.0,12.0,12,4.7,4.7,1,15,55,7,16,4,5.0,1024,1,,0.0,1,0,0,0,13.0,60,11,12.0,3000,2000
19290000,i5-1235U,7,10.0,12.0,12,4.4,4.4,1,15,55,5,8,4,5.0,512,1,,0.0,1,0,0,1,14.0,60,11,12.0,1920,1080
32990000,i7-1255U,7,10.0,12.0,12,4.7,4.7,1,15,55,7,16,4,5.0,1024,1,,0.0,1,0,0,0,13.0,60,11,12.0,3000,2000
50990000,i7-1355U,7,10.0,12.0,12,5.0,5.0,1,15,55,7,16,5,5.0,1024,1,,0.0,1,0,0,1,13.0,60,11,36.0,1920,1280
16390000,i3-1315U,7,6.0,8.0,10,4.5,4.5,1,15,55,3,8,4,5.0,256,1,,0.0,1,0,0,1,14.0,60,11,12.0,1920,1080
19790000,i7-1355U,7,10.0,12.0,12,5.0,5.0,1,15,55,7,16,5,5.0,1024,1,,0.0,1,0,0,1,15.0,60,11,12.0,1920,1080
23990000,i7-1255U,7,10.0,12.0,12,4.7,4.7,1,15,55,7,16,4,5.0,512,1,630,4.0,0,1,0,1,13.0,60,11,12.0,1920,1080
38490000,i7-1360P,7,12.0,16.0,18,5.0,5.0,1,28,64,7,32,5,5.0,2048,1,,0.0,1,0,0,1,14.0,60,10,36.0,2240,1400
36990000,i7-1360P,7,12.0,16.0,18,5.0,5.0,1,28,64,7,16,5,5.0,512,1,,0.0,1,0,0,1,16.0,60,10,36.0,1920,1200
15900000,i5-1235U,7,10.0,12.0,12,4.4,4.4,1,15,55,5,8,4,5.0,512,1,,0.0,1,0,0,1,14.0,60,11,12.0,1920,1080
20990000,i5-1335U,7,10.0,12.0,12,4.6,4.6,1,15,55,5,16,4,5.0,512,1,,0.0,1,0,0,1,15.0,60,11,12.0,1920,1080
26990000,i5-1335U,7,10.0,12.0,12,4.6,4.6,1,15,55,5,32,5,5.0,512,1,,0.0,1,0,0,1,16.0,60,10,36.0,1920,1200
26290000,Ryzen 7 7840HS,4,8.0,16.0,24,3.8,5.1,0,35,54,7,16,5,5.0,512,1,,0.0,1,0,0,1,16.0,60,11,12.0,1920,1080
70990000,i9-13980HX,7,24.0,32.0,36,5.6,5.6,1,55,157,9,64,5,5.0,2048,1,4080,16.0,0,0,1,1,16.0,240,11,24.0,2560,1600
35990000,i7-1260P,7,12.0,16.0,18,4.7,4.7,1,28,64,7,32,4,5.0,512,1,,0.0,1,0,0,1,16.0,60,10,36.0,1920,1200
22590000,i7-1355U,7,10.0,12.0,12,5.0,5.0,1,15,55,7,32,4,5.0,512,1,,0.0,1,0,0,1,16.0,60,10,24.0,1920,1200
11990000,i3-1215U,7,6.0,8.0,10,4.4,4.4,1,15,55,3,8,4,5.0,256,1,2070,8.0,0,0,1,1,14.0,60,11,12.0,1920,1080
18790000,i5-1335U,7,10.0,12.0,12,4.6,4.6,1,15,55,5,8,4,5.0,512,1,,0.0,1,0,0,0,15.0,60,11,12.0,1920,1080
21990000,i7-1355U,7,10.0,12.0,12,5.0,5.0,1,15,55,7,32,4,5.0,512,1,,0.0,1,0,0,1,14.0,60,10,24.0,1920,1200
20900000,i5-1335U,7,10.0,12.0,12,4.6,4.6,1,15,55,5,32,4,5.0,512,1,,0.0,1,0,0,1,16.0,60,10,24.0,1920,1200
22990000,i7-1255U,7,10.0,12.0,12,4.7,4.7,1,15,55,7,8,4,5.0,512,1,630,4.0,0,1,0,1,13.0,60,11,12.0,1920,1080
14990000,i5-1335U,7,10.0,12.0,12,4.6,4.6,1,15,55,5,16,5,5.0,512,1,,0.0,1,0,0,1,14.0,60,11,12.0,1920,1200
14790000,i3-1315U,7,6.0,8.0,10,4.5,4.5,1,15,55,3,8,4,5.0,256,1,,0.0,1,0,0,1,15.0,60,11,12.0,1920,1080
22990000,i7-1255U,7,10.0,12.0,12,4.7,4.7,1,15,55,7,8,4,5.0,512,1,,0.0,1,0,0,1,15.0,60,11,12.0,1920,1080
57690000,i7-13700,7,16.0,24.0,30,1.5,5.1,1,65,219,7,32,5,5.0,1024,1,4070,12.0,0,0,1,1,16.0,60,11,12.0,2560,1440
19790000,i5-1340P,7,12.0,16.0,12,4.6,4.6,1,28,64,5,32,4,5.0,512,1,,0.0,1,0,0,1,16.0,60,10,24.0,1920,1200
22290000,i7-13700,7,16.0,24.0,30,1.5,5.1,1,65,219,7,48,4,5.0,512,1,,0.0,1,0,0,1,14.0,60,10,24.0,1920,1200
16390000,i3-1315U,7,6.0,8.0,10,4.5,4.5,1,15,55,3,8,4,5.0,256,1,,0.0,1,0,0,1,14.0,60,11,12.0,1920,1080
30390000,i7-13620H,7,10.0,16.0,24,4.9,4.9,1,45,115,7,8,4,5.0,512,1,,0.0,1,0,0,1,15.0,60,11,12.0,1920,1080
19990000,i5-1335U,7,10.0,12.0,12,4.6,4.6,1,15,55,5,8,4,5.0,256,1,,0.0,1,0,0,1,14.0,60,11,12.0,1920,1080
27990000,i5-1335U,7,10.0,12.0,12,4.6,4.6,1,15,55,5,16,5,5.0,512,1,,0.0,1,0,0,1,13.0,60,10,36.0,1920,1200
28790000,i5-13500H,7,12.0,16.0,18,4.7,4.7,1,45,95,5,16,4,5.0,512,1,,0.0,1,0,0,1,15.0,60,11,12.0,1920,1080
21990000,i7-1355U,7,10.0,12.0,12,5.0,5.0,1,15,55,7,16,4,5.0,512,1,,0.0,1,0,0,1,15.0,60,11,12.0,1920,1080
22990000,i5-12500H,7,12.0,16.0,18,4.5,4.5,1,45,95,5,64,4,5.0,512,1,4060,8.0,0,0,1,1,15.0,144,11,24.0,1920,1080
16190000,i5-1335U,7,10.0,12.0,12,4.6,4.6,1,15,55,5,8,4,5.0,512,1,,0.0,1,0,0,0,15.0,120,11,12.0,1920,1080
12690000,i3-1315U,7,6.0,8.0,10,4.5,4.5,1,15,55,3,8,4,5.0,256,1,,0.0,1,0,0,1,14.0,60,11,12.0,1920,1080
21790000,i5-1335U,7,10.0,12.0,12,4.6,4.6,1,15,55,5,8,4,5.0,512,1,,0.0,1,0,0,1,14.0,60,11,12.0,1920,1080
19999000,165H,7,16.0,22.0,24,0.9,5.0,1,28,115,7,32,4,5.0,256,1,,0.0,1,0,0,1,15.0,165,11,36.0,1920,1080
77990000,i7-11800H,10,8.0,16.0,24,1.9,4.6,1,35,45,7,64,4,4.0,1024,1,3080,12.0,0,0,1,0,16.0,165,10,12.0,2560,1600
17790000,i5-1335U,7,10.0,12.0,12,4.6,4.6,1,15,55,5,8,4,5.0,256,1,,0.0,1,0,0,1,15.0,60,11,12.0,1920,1080
68390000,i9-13900H,7,14.0,20.0,24,5.4,5.4,1,45,115,9,32,5,5.0,1024,1,4070,12.0,0,0,1,1,16.0,60,11,12.0,2560,1440
109990000,i9-13980HX,7,24.0,32.0,36,5.6,5.6,1,55,157,9,64,5,5.0,512,1,4090,24.0,0,0,1,1,18.0,240,11,24.0,2560,1600
21990000,i5-1340P,7,12.0,16.0,12,4.6,4.6,1,28,64,5,64,4,5.0,512,1,,0.0,1,0,0,1,14.0,60,10,24.0,1920,1080
43990000,i7-1255U,7,10.0,12.0,12,4.7,4.7,1,15,55,7,16,5,5.0,512,1,,0.0,1,0,0,1,14.0,60,11,36.0,1920,1200
10990000,i3-1215U,7,6.0,8.0,10,4.4,4.4,1,15,55,3,8,4,5.0,256,1,,0.0,1,0,0,0,14.0,60,11,12.0,1920,1080
19690000,i5-1335U,7,10.0,12.0,12,4.6,4.6,1,15,55,5,32,4,5.0,512,1,,0.0,1,0,0,1,14.0,60,10,24.0,1920,1200
26590000,Ryzen 5 7640HS,4,6.0,12.0,22,4.3,5.0,0,35,54,5,16,5,5.0,512,1,,0.0,1,0,0,1,16.0,60,11,12.0,1920,1080
22490000,i7-1255U,7,10.0,12.0,12,4.7,4.7,1,15,55,7,8,4,5.0,512,1,,0.0,1,0,0,1,14.0,60,11,12.0,1920,1080
23990000,i7-1355U,7,10.0,12.0,12,5.0,5.0,1,15,55,7,16,4,5.0,512,1,,0.0,1,0,0,1,15.0,60,11,12.0,1920,1080
31490000,i7-13620H,7,10.0,16.0,24,4.9,4.9,1,45,115,7,16,4,5.0,512,1,,0.0,1,0,0,1,15.0,60,11,12.0,1920,1080
15790000,i3-1315U,7,6.0,8.0,10,4.5,4.5,1,15,55,3,8,4,5.0,512,1,,0.0,1,0,0,1,15.0,60,11,12.0,1920,1080
22490000,i5-1335U,7,10.0,12.0,12,4.6,4.6,1,15,55,5,16,4,5.0,512,1,,0.0,1,0,0,1,14.0,60,11,12.0,1920,1080
47690000,i7-1355U,7,10.0,12.0,12,5.0,5.0,1,15,55,7,16,5,5.0,1024,1,,0.0,1,0,0,1,14.0,60,11,36.0,1920,1200
16900000,i5-1335U,7,10.0,12.0,12,4.6,4.6,1,15,55,5,16,4,5.0,512,1,,0.0,1,0,0,0,15.0,60,11,12.0,1920,1080
17790000,i5-1335U,7,10.0,12.0,12,4.6,4.6,1,15,55,5,8,4,5.0,256,1,,0.0,1,0,0,1,15.0,60,11,12.0,1920,1080
42990000,i7-1355U,7,10.0,12.0,12,5.0,5.0,1,15,55,7,16,5,5.0,512,1,,0.0,1,0,0,1,13.0,60,11,36.0,1920,1200
21990000,i7-1355U,7,10.0,12.0,12,5.0,5.0,1,15,55,7,8,4,5.0,512,1,,0.0,1,0,0,1,15.0,60,11,12.0,1920,1080
48990000,i7-1355U,7,10.0,12.0,12,5.0,5.0,1,15,55,7,16,4,5.0,1024,1,,0.0,1,0,0,1,13.0,60,11,12.0,1920,1280
36990000,i7-1360P,7,12.0,16.0,18,5.0,5.0,1,28,64,7,16,5,5.0,512,1,,0.0,1,0,0,1,14.0,60,10,36.0,2240,1400
17990000,i5-13500,7,14.0,20.0,24,1.8,4.8,1,65,154,5,8,4,5.0,512,1,,0.0,1,0,0,1,22.0,60,11,24.0,1920,1080
22990000,155H,7,16.0,22.0,24,0.9,4.8,1,28,115,7,8,5,5.0,1024,1,,0.0,1,0,0,0,16.0,60,11,24.0,1920,1200
20990000,i5-12500,7,6.0,12.0,18,4.6,4.6,1,65,117,5,8,4,5.0,512,1,,0.0,1,0,0,1,25.0,60,11,24.0,1920,1080
48990000,155H,7,16.0,22.0,24,0.9,4.8,1,28,115,7,16,5,5.0,512,1,,0.0,1,0,0,0,21.0,60,11,24.0,2880,1800
49490000,155H,7,16.0,22.0,24,0.9,4.8,1,28,115,7,16,5,5.0,1024,1,4060,8.0,0,0,1,0,19.0,60,11,24.0,2880,1800
15490000,i5-11400,14,6.0,12.0,12,2.6,4.4,1,9,15,5,4,4,4.0,512,1,,0.0,1,0,0,1,23.0,60,11,12.0,1920,1080
45490000,i7-14700,7,20.0,28.0,33,1.5,5.3,1,65,219,7,8,5,5.0,1024,1,4070,12.0,0,0,1,1,21.0,60,11,24.0,2560,1600
26990000,125H,7,14.0,18.0,18,0.7,4.5,1,28,115,5,16,5,5.0,512,1,,0.0,1,0,0,0,22.0,60,11,24.0,2880,1800
23490000,125H,7,14.0,18.0,18,0.7,4.5,1,28,115,5,16,5,5.0,512,1,,0.0,1,0,0,1,21.0,60,11,12.0,2880,1800
24990000,155H,7,16.0,22.0,24,0.9,4.8,1,28,115,7,8,5,5.0,512,1,,0.0,1,0,0,0,16.0,60,11,24.0,1920,1200
15990000,i5-13500,7,14.0,20.0,24,1.8,4.8,1,65,154,5,8,4,5.0,512,1,,0.0,1,0,0,1,22.0,60,11,24.0,2880,1800
25490000,i5-13500,7,14.0,20.0,24,1.8,4.8,1,65,154,5,8,5,5.0,512,1,,0.0,1,0,0,1,17.0,60,11,24.0,1920,1200
71990000,i9-13900,7,24.0,32.0,36,1.5,5.2,1,65,219,9,16,5,5.0,2048,1,630,4.0,0,1,0,0,24.0,60,11,24.0,2560,1600
92490000,i9-14900,7,24.0,32.0,36,1.5,5.4,1,65,219,9,16,5,5.0,2048,1,4080,16.0,0,0,1,1,32.0,60,11,36.0,3840,2400
61490000,i9-12900,7,16.0,24.0,30,1.8,5.0,1,65,202,9,16,5,5.0,1024,1,4080,16.0,0,0,1,1,22.0,60,11,24.0,1920,1200
21490000,120U,7,10.0,12.0,12,0.9,5.0,1,15,55,5,32,5,5.0,512,1,,0.0,1,0,0,1,17.0,60,11,24.0,1920,1200
26990000,125H,7,14.0,18.0,18,0.7,4.5,1,28,115,5,16,5,5.0,512,1,,0.0,1,0,0,0,22.0,60,11,24.0,2880,1800
18690000,i5-13500,7,14.0,20.0,24,1.8,4.8,1,65,154,5,16,5,5.0,1024,1,,0.0,1,0,0,0,16.0,60,11,36.0,1920,1200
64490000,185H,7,16.0,22.0,24,1.8,5.1,1,45,115,9,16,5,5.0,2048,1,4070,12.0,0,0,1,1,18.0,60,11,24.0,2560,1600
22400000,i5-13500,7,14.0,20.0,24,1.8,4.8,1,65,154,5,8,4,5.0,512,1,,0.0,1,0,0,1,19.0,60,11,24.0,1920,1200
20490000,i5-12500,7,6.0,12.0,18,4.6,4.6,1,65,117,5,8,4,5.0,512,1,,0.0,1,0,0,0,22.0,60,11,24.0,2880,1800
17490000,i5-11400,14,6.0,12.0,12,2.6,4.4,1,9,15,5,8,4,4.0,512,1,,0.0,1,0,0,1,22.0,60,11,24.0,1920,1080
25990000,125H,7,14.0,18.0,18,0.7,4.5,1,28,115,5,16,5,5.0,1024,1,540,4.0,0,1,0,0,22.0,60,11,24.0,2880,1800
23490000,i5-12500,7,6.0,12.0,18,4.6,4.6,1,65,117,5,8,4,5.0,512,1,4060,8.0,0,0,1,1,22.0,60,11,24.0,1920,1080
66490000,i7-13700,7,16.0,24.0,30,1.5,5.1,1,65,219,7,16,5,5.0,2048,1,4070,12.0,0,0,1,1,22.0,60,11,24.0,2560,1600
110000000,i9-14900,7,24.0,32.0,36,1.5,5.4,1,65,219,9,8,5,5.0,2048,1,4080,16.0,0,0,1,1,26.0,60,11,24.0,2560,1600
17490000,i5-13500,7,14.0,20.0,24,1.8,4.8,1,65,154,5,8,5,5.0,512,1,,0.0,1,0,0,1,17.0,60,11,24.0,1920,1200
22990000,i5-13500,7,14.0,20.0,24,1.8,4.8,1,65,154,5,8,5,5.0,512,1,,0.0,1,0,0,1,15.6,60,11,24.0,1920,1080
20990000,i5-12500,7,6.0,12.0,18,4.6,4.6,1,65,117,5,8,4,5.0,512,1,,0.0,1,0,0,1,25.0,60,11,12.0,1920,1080
47990000,i9-14900,7,24.0,32.0,36,1.5,5.4,1,65,219,9,16,5,5.0,1024,1,4060,8.0,0,0,1,1,22.0,60,11,24.0,2560,1600
62990000,185H,7,16.0,22.0,24,1.8,5.1,1,45,115,9,16,5,5.0,2048,1,4060,8.0,0,0,1,0,24.0,60,11,24.0,2560,1600
78990000,155H,7,16.0,22.0,24,0.9,4.8,1,28,115,7,32,5,5.0,1024,1,,0.0,1,0,0,0,18.0,60,11,12.0,3200,2000
149490000,i9-14900,7,24.0,32.0,36,1.5,5.4,1,65,219,9,32,5,5.0,4096,1,4090,24.0,0,0,1,0,32.0,60,11,36.0,3840,2400
80490000,i9-13900,7,24.0,32.0,36,1.5,5.2,1,65,219,9,16,5,5.0,2048,1,4070,12.0,0,0,1,0,19.0,60,11,24.0,2560,1600
38490000,i7-13700,7,16.0,24.0,30,1.5,5.1,1,65,219,7,8,5,5.0,512,1,,0.0,1,0,0,1,23.0,60,11,24.0,1920,1200
17990000,i5-13500,7,14.0,20.0,24,1.8,4.8,1,65,154,5,8,5,5.0,512,1,,0.0,1,0,0,1,16.0,60,11,24.0,1920,1200
64490000,185H,7,16.0,22.0,24,1.8,5.1,1,45,115,9,16,5,5.0,2048,1,4060,8.0,0,0,1,0,24.0,60,11,24.0,2560,1600
28990000,155H,7,16.0,22.0,24,0.9,4.8,1,28,115,7,8,5,5.0,512,1,,0.0,1,0,0,1,21.0,60,11,24.0,1920,1080
14990000,i5-12500,7,6.0,12.0,18,4.6,4.6,1,65,117,5,8,4,5.0,512,1,,0.0,1,0,0,1,19.0,60,11,24.0,1920,1080
120000000,i9-14900,7,24.0,32.0,36,1.5,5.4,1,65,219,9,32,5,5.0,2048,1,4090,24.0,0,0,1,1,29.0,60,11,24.0,2560,1600
28990000,i7-12700,7,12.0,20.0,25,1.6,4.8,1,65,180,7,8,5,5.0,512,1,4060,8.0,0,0,1,1,25.0,60,11,24.0,1920,1080
29990000,155H,7,16.0,22.0,24,0.9,4.8,1,28,115,7,16,5,5.0,512,1,,0.0,1,0,0,0,14.0,60,11,24.0,1920,1200
25990000,125H,7,14.0,18.0,18,0.7,4.5,1,28,115,5,16,5,5.0,1024,1,540,4.0,0,1,0,0,22.0,60,11,24.0,2880,1800
20990000,125H,7,14.0,18.0,18,0.7,4.5,1,28,115,5,16,5,5.0,512,1,,0.0,1,0,0,1,16.0,60,11,24.0,1920,1200
89490000,i9-14900,7,24.0,32.0,36,1.5,5.4,1,65,219,9,16,5,5.0,2048,1,4090,24.0,0,0,1,1,22.0,60,11,36.0,2560,1600
26490000,i9-13900,7,24.0,32.0,36,1.5,5.2,1,65,219,9,8,4,5.0,512,1,,0.0,1,0,0,1,22.0,60,11,24.0,2880,1800
17490000,i5-11400,14,6.0,12.0,12,2.6,4.4,1,9,15,5,8,4,4.0,512,1,,0.0,1,0,0,1,22.0,60,11,24.0,1920,1080
32990000,155H,7,16.0,22.0,24,0.9,4.8,1,28,115,7,8,5,5.0,1024,1,,0.0,1,0,0,0,22.0,60,11,24.0,2880,1800
21990000,i7-12700,7,12.0,20.0,25,1.6,4.8,1,65,180,7,8,4,5.0,512,1,,0.0,1,0,0,1,25.0,60,11,12.0,1920,1080
34990000,185H,7,16.0,22.0,24,1.8,5.1,1,45,115,9,32,5,5.0,1024,1,,0.0,1,0,0,0,22.0,60,11,24.0,2880,1800
42990000,155U,7,12.0,14.0,12,1.2,4.8,1,15,57,7,16,5,5.0,1024,1,,0.0,1,0,0,0,21.0,60,11,24.0,2880,1800
33990000,i7-14700,7,20.0,28.0,33,1.5,5.3,1,65,219,7,8,5,5.0,1024,1,,0.0,1,0,0,1,21.0,60,11,24.0,1920,1200
21990000,i7-13700,7,16.0,24.0,30,1.5,5.1,1,65,219,7,8,4,5.0,512,1,,0.0,1,0,0,0,22.0,60,11,24.0,1920,1080
22490000,i9-13900,7,24.0,32.0,36,1.5,5.2,1,65,219,9,8,4,5.0,512,1,,0.0,1,0,0,0,22.0,60,11,24.0,1920,1080
25990000,i7-12700,7,12.0,20.0,25,1.6,4.8,1,65,180,7,8,4,5.0,512,1,4060,8.0,0,0,1,1,25.0,60,11,24.0,1920,1080
22990000,i9-13900,7,24.0,32.0,36,1.5,5.2,1,65,219,9,8,4,5.0,512,1,,0.0,1,0,0,1,22.0,60,11,24.0,1920,1200
